CREATE TABLE IF NOT EXISTS `danish_regional_data_region` (
  `id` smallint(11) unsigned NOT NULL AUTO_INCREMENT,
  `name` varchar(11) COLLATE utf8_danish_ci NOT NULL,
  PRIMARY KEY (`id`)
) ENGINE=MyISAM  DEFAULT CHARSET=utf8 COLLATE=utf8_danish_ci;

CREATE TABLE IF NOT EXISTS `danish_regional_data_commune` (
  `id` int(11) unsigned NOT NULL AUTO_INCREMENT,
  `region_id` int(11) NOT NULL,
  `name` varchar(18) COLLATE utf8_danish_ci NOT NULL,
  PRIMARY KEY (`id`)
) ENGINE=MyISAM  DEFAULT CHARSET=utf8 COLLATE=utf8_danish_ci;

CREATE TABLE IF NOT EXISTS `danish_regional_data_city` (
  `id` smallint(11) unsigned NOT NULL AUTO_INCREMENT,
  `commune_id` int(11) NOT NULL,
  `name` varchar(18) COLLATE utf8_danish_ci NOT NULL,
  PRIMARY KEY (`id`)
) ENGINE=MyISAM  DEFAULT CHARSET=utf8 COLLATE=utf8_danish_ci;

INSERT INTO `danish_regional_data_region` (`id`,`name`) VALUES 
('1081','Nordjylland'),
('1082','Midtjylland'),
('1083','Syddanmark'),
('1084','Hovedstaden'),
('1085','Sjælland')
;

INSERT INTO `danish_regional_data_commune` (`id`,`region_id`,`name`) VALUES 
('773','1081','Morsø'),
('787','1081','Thisted'),
('810','1081','Brønderslev'),
('813','1081','Frederikshavn'),
('820','1081','Vesthimmerlands'),
('825','1081','Læsø'),
('840','1081','Rebild'),
('846','1081','Mariagerfjord'),
('849','1081','Jammerbugt'),
('851','1081','Aalborg'),
('860','1081','Hjørring'),
('615','1082','Horsens'),
('657','1082','Herning'),
('661','1082','Holstebro'),
('665','1082','Lemvig'),
('671','1082','Struer'),
('706','1082','Syddjurs'),
('707','1082','Norddjurs'),
('710','1082','Favrskov'),
('727','1082','Odder'),
('730','1082','Randers'),
('740','1082','Silkeborg'),
('741','1082','Samsø'),
('746','1082','Skanderborg'),
('751','1082','Århus'),
('756','1082','Ikast-Brande'),
('760','1082','Ringkøbing-Skjern'),
('766','1082','Hedensted'),
('779','1082','Skive'),
('791','1082','Viborg'),
('410','1083','Middelfart'),
('420','1083','Assens'),
('430','1083','Faaborg-Midtfyn'),
('440','1083','Kerteminde'),
('450','1083','Nyborg'),
('461','1083','Odense'),
('479','1083','Svendborg'),
('480','1083','Nordfyns'),
('482','1083','Langeland'),
('492','1083','Ærø'),
('510','1083','Haderslev'),
('530','1083','Billund'),
('540','1083','Sønderborg'),
('550','1083','Tønder'),
('561','1083','Esbjerg'),
('563','1083','Fanø'),
('573','1083','Varde'),
('575','1083','Vejen'),
('580','1083','Aabenraa'),
('607','1083','Fredericia'),
('621','1083','Kolding'),
('630','1083','Vejle'),
('101','1084','Københavns'),
('147','1084','Frederiksberg'),
('151','1084','Ballerup'),
('153','1084','Brøndby'),
('155','1084','Dragør'),
('157','1084','Gentofte'),
('159','1084','Gladsaxe'),
('161','1084','Glostrup'),
('163','1084','Herlev'),
('165','1084','Albertslund'),
('167','1084','Hvidovre'),
('169','1084','Høje-Taastrup'),
('173','1084','Lyngby-Taarbæk'),
('175','1084','Rødovre'),
('183','1084','Ishøj'),
('185','1084','Tårnby'),
('187','1084','Vallensbæk'),
('190','1084','Furesø'),
('201','1084','Allerød'),
('210','1084','Fredensborg'),
('217','1084','Helsingør'),
('219','1084','Hillerød'),
('223','1084','Hørsholm'),
('230','1084','Rudersdal'),
('240','1084','Egedal'),
('250','1084','Frederikssund'),
('260','1084','Halsnæs'),
('270','1084','Gribskov'),
('400','1084','Bornholm'),
('411','1084','Christiansø'),
('253','1085','Greve'),
('259','1085','Køge'),
('265','1085','Roskilde'),
('269','1085','Solrød'),
('306','1085','Odsherred'),
('316','1085','Holbæk'),
('320','1085','Faxe'),
('326','1085','Kalundborg'),
('329','1085','Ringsted'),
('330','1085','Slagelse'),
('336','1085','Stevns'),
('340','1085','Sorø'),
('350','1085','Lejre'),
('360','1085','Lolland'),
('370','1085','Næstved'),
('376','1085','Guldborgsund'),
('390','1085','Vordingborg')
;

INSERT INTO `danish_regional_data_city` (`id`,`commune_id`,`name`) VALUES 
('7900','773','Nykøbing M'),
('7950','773','Erslev'),
('7960','773','Karby'),
('7970','773','Redsted M'),
('7980','773','Vils'),
('7990','773','Øster Assels'),
('7700','787','Thisted'),
('7730','787','Hanstholm'),
('7741','787','Frøstrup'),
('7742','787','Vesløs'),
('7752','787','Snedsted'),
('7755','787','Bedsted Thy'),
('7760','671','Hurup Thy'),
('7770','787','Vestervig'),
('9320','851','Hjallerup'),
('9330','813','Dronninglund'),
('9340','813','Asaa'),
('9352','813','Dybvad'),
('9370','851','Hals'),
('9382','851','Tylstrup'),
('9440','851','Aabybro'),
('9480','860','Løkken'),
('9700','849','Brønderslev'),
('9740','860','Jerslev J'),
('9750','860','Østervrå'),
('9760','860','Vrå'),
('9300','813','Sæby'),
('9830','860','Tårs'),
('9870','860','Sindal'),
('9881','860','Bindslev'),
('9900','860','Frederikshavn'),
('9970','813','Strandby'),
('9981','813','Jerup'),
('9982','860','Ålbæk'),
('9990','813','Skagen'),
('9240','851','Nibe'),
('9541','840','Suldrup'),
('9600','840','Aars'),
('9610','840','Nørager'),
('9620','791','Aalestrup'),
('9631','791','Gedsted'),
('9640','820','Farsø'),
('9670','849','Løgstør'),
('9681','820','Ranum'),
('9940','825','Læsø'),
('9230','851','Svenstrup J'),
('9260','851','Gistrup'),
('9293','851','Kongerslev'),
('9500','791','Hobro'),
('9510','846','Arden'),
('9520','840','Skørping'),
('9530','851','Støvring'),
('9560','846','Hadsund'),
('9574','840','Bælum'),
('9575','840','Terndrup'),
('8970','730','Havndal'),
('8990','730','Fårup'),
('9550','730','Mariager'),
('9632','791','Møldrup'),
('9381','851','Sulsted'),
('9430','851','Vadum'),
('9460','849','Brovst'),
('9490','849','Pandrup'),
('9492','849','Blokhus'),
('9493','849','Saltum'),
('9690','849','Fjerritslev'),
('9000','851','Aalborg'),
('9200','851','Aalborg SV'),
('9210','851','Aalborg SØ'),
('9220','851','Aalborg Øst'),
('9270','851','Klarup'),
('9280','851','Storvorde'),
('9310','851','Vodskov'),
('9362','851','Gandrup'),
('9380','851','Vestbjerg'),
('9400','851','Nørresundby'),
('9800','860','Hjørring'),
('9850','860','Hirtshals'),
('8654','756','Bryrup'),
('8660','751','Skanderborg'),
('8680','746','Ry'),
('8700','766','Horsens'),
('8732','615','Hovedgård'),
('8740','740','Brædstrup'),
('8751','746','Gedved'),
('8752','615','Østbirk'),
('8762','766','Flemming'),
('8765','756','Klovborg'),
('8781','766','Stenderup'),
('8783','766','Hornsyld'),
('6933','760','Kibæk'),
('6973','760','Ørnhøj'),
('6990','760','Ulfborg'),
('7260','530','Sønder Omme'),
('7270','530','Stakroge'),
('7280','760','Sønder Felding'),
('7330','630','Brande'),
('7400','760','Herning'),
('7451','791','Sunds'),
('7470','791','Karup J'),
('7480','760','Vildbjerg'),
('7490','657','Aulum'),
('7500','671','Holstebro'),
('7540','661','Haderup'),
('7550','657','Sørvad'),
('7830','779','Vinderup'),
('7560','671','Hjerm'),
('7570','665','Vemb'),
('7600','671','Struer'),
('7800','791','Skive'),
('7620','665','Lemvig'),
('7650','665','Bøvlingbjerg'),
('7660','671','Bækmarksbro'),
('7673','665','Harboøre'),
('7680','665','Thyborøn'),
('7790','671','Thyholm'),
('8400','706','Ebeltoft'),
('8410','706','Rønde'),
('8420','706','Knebel'),
('8444','707','Balle'),
('8543','751','Hornslet'),
('8544','707','Mørke'),
('8550','707','Ryomgård'),
('8560','707','Kolind'),
('8570','707','Trustrup'),
('8581','707','Nimtofte'),
('8963','707','Auning'),
('8500','707','Grenaa'),
('8585','707','Glesborg'),
('8586','707','Ørum Djurs'),
('8592','707','Anholt'),
('8950','707','Ørsted'),
('8961','707','Allingåbro'),
('8370','710','Hadsten'),
('8380','751','Trige'),
('8382','751','Hinnerup'),
('8450','740','Hammel'),
('8471','751','Sabro'),
('8472','746','Sporup'),
('8641','740','Sorring'),
('8850','791','Bjerringbro'),
('8860','791','Ulstrup'),
('8870','730','Langå'),
('8881','740','Thorsø'),
('8882','740','Fårvang'),
('8940','730','Randers SV'),
('8960','730','Randers SØ'),
('8300','751','Odder'),
('8340','751','Malling'),
('8350','727','Hundslund'),
('8900','730','Randers C'),
('8920','730','Randers NV'),
('8930','730','Randers NØ'),
('8981','730','Spentrup'),
('8983','730','Gjerlev J'),
('7362','756','Hampen'),
('7441','756','Bording'),
('7442','756','Engesvang'),
('8600','756','Silkeborg'),
('8620','791','Kjellerup'),
('8632','740','Lemming'),
('8643','791','Ans By'),
('8653','740','Them'),
('8800','791','Viborg'),
('8840','791','Rødkærsbro'),
('8883','740','Gjern'),
('8305','741','Samsø'),
('8362','751','Hørning'),
('8464','751','Galten'),
('8670','746','Låsby'),
('8000','751','Århus C'),
('8200','751','Århus N'),
('8210','751','Århus V'),
('8220','751','Brabrand'),
('8230','751','Åbyhøj'),
('8240','751','Risskov'),
('8245','751','Risskov Ø'),
('8250','751','Egå'),
('8260','751','Viby J'),
('8270','751','Højbjerg'),
('8310','751','Tranbjerg J'),
('8320','751','Mårslet'),
('8330','751','Beder'),
('8355','751','Solbjerg'),
('8361','751','Hasselager'),
('8381','751','Tilst'),
('8462','751','Harlev J'),
('8520','751','Lystrup'),
('8530','751','Hjortshøj'),
('8541','751','Skødstrup'),
('7160','630','Tørring'),
('7361','630','Ejstrupholm'),
('7430','756','Ikast'),
('8766','766','Nørre Snede'),
('6830','573','Nørre Nebel'),
('6870','573','Ølgod'),
('6880','573','Tarm'),
('6893','760','Hemmet'),
('6900','760','Skjern'),
('6920','760','Videbæk'),
('6940','760','Lem St'),
('6950','760','Ringkøbing'),
('6960','760','Hvide Sande'),
('6971','760','Spjald'),
('6980','760','Tim'),
('7100','630','Vejle'),
('7120','630','Vejle Øst'),
('7130','766','Juelsminde'),
('7140','766','Stouby'),
('7150','766','Barrit'),
('7171','766','Uldum'),
('7173','630','Vonge'),
('7323','630','Give'),
('8721','766','Daugård'),
('8722','766','Hedensted'),
('8723','766','Løsning'),
('8763','766','Rask Mølle'),
('7840','791','Højslev'),
('7860','779','Spøttrup'),
('7870','779','Roslev'),
('7884','779','Fur'),
('7850','791','Stoholm Jyll'),
('8830','791','Tjele'),
('8831','791','Løgstrup'),
('8832','791','Skals'),
('5463','410','Harndrup'),
('5464','410','Brenderup Fyn'),
('5466','410','Asperup'),
('5500','410','Middelfart'),
('5560','480','Aarup'),
('5580','410','Nørre Aaby'),
('5591','410','Gelsted'),
('5592','410','Ejby'),
('5610','420','Assens'),
('5492','480','Vissenbjerg'),
('5620','420','Glamsbjerg'),
('5631','420','Ebberup'),
('5642','430','Millinge'),
('5683','420','Haarby'),
('5690','420','Tommerup'),
('5550','450','Langeskov'),
('5600','430','Faaborg'),
('5672','430','Broby'),
('5750','430','Ringe'),
('5762','479','Vester Skerninge'),
('5771','479','Stenstrup'),
('5772','479','Kværndrup'),
('5792','430','Årslev'),
('5853','450','Ørbæk'),
('5854','479','Gislev'),
('5856','430','Ryslinge'),
('5863','440','Ferritslev Fyn'),
('5290','440','Marslev'),
('5300','440','Kerteminde'),
('5330','461','Munkebo'),
('5350','440','Rynkeby'),
('5370','440','Mesinge'),
('5380','440','Dalby'),
('5390','440','Martofte'),
('5540','450','Ullerslev'),
('5800','450','Nyborg'),
('5871','450','Frørup'),
('5874','479','Hesselager'),
('5000','461','Odense C'),
('5200','461','Odense V'),
('5210','461','Odense NV'),
('5220','461','Odense SØ'),
('5230','461','Odense M'),
('5240','461','Odense NØ'),
('5250','461','Odense SV'),
('5260','461','Odense S'),
('5270','480','Odense N'),
('5320','461','Agedrup'),
('5491','480','Blommenslyst'),
('5700','479','Svendborg'),
('5881','479','Skårup Fyn'),
('5882','479','Vejstrup'),
('5883','479','Oure'),
('5884','479','Gudme'),
('5892','479','Gudbjerg Sydfyn'),
('5400','480','Bogense'),
('5450','480','Otterup'),
('5462','480','Morud'),
('5471','480','Søndersø'),
('5474','480','Veflinge'),
('5485','480','Skamby'),
('5900','482','Rudkøbing'),
('5932','482','Humble'),
('5935','482','Bagenkop'),
('5953','482','Tranekær'),
('5960','492','Marstal'),
('5970','492','Ærøskøbing'),
('5985','492','Søby Ærø'),
('6070','621','Christiansfeld'),
('6094','621','Hejls'),
('6100','621','Haderslev'),
('6500','510','Vojens'),
('6510','510','Gram'),
('6520','550','Toftlund'),
('6534','580','Agerskov'),
('6541','550','Bevtoft'),
('6560','621','Sommersted'),
('6630','575','Rødding'),
('6623','630','Vorbasse'),
('6682','575','Hovborg'),
('6823','573','Ansager'),
('7190','630','Billund'),
('7200','630','Grindsted'),
('7250','530','Hejnsvig'),
('6300','540','Gråsten'),
('6310','540','Broager'),
('6320','540','Egernsund'),
('6400','540','Sønderborg'),
('6430','621','Nordborg'),
('6440','540','Augustenborg'),
('6470','540','Sydals'),
('6240','550','Løgumkloster'),
('6261','550','Bredebro'),
('6270','550','Tønder'),
('6280','550','Højer'),
('6535','550','Branderup J'),
('6780','550','Skærbæk'),
('6792','550','Rømø'),
('6670','575','Holsted'),
('6683','575','Føvling'),
('6690','575','Gørding'),
('6700','561','Esbjerg'),
('6705','561','Esbjerg Ø'),
('6710','561','Esbjerg V'),
('6715','561','Esbjerg N'),
('6731','561','Tjæreborg'),
('6740','561','Bramming'),
('6760','561','Ribe'),
('6771','561','Gredstedbro'),
('6818','573','Årre'),
('6720','563','Fanø'),
('6753','575','Agerbæk'),
('6800','573','Varde'),
('6840','573','Oksbøl'),
('6851','573','Janderup Vestj'),
('6852','573','Billum'),
('6853','573','Vejers Strand'),
('6854','573','Henne'),
('6855','573','Outrup'),
('6857','573','Blåvand'),
('6862','573','Tistrup'),
('6600','575','Vejen'),
('6621','575','Gesten'),
('6622','575','Bække'),
('6650','575','Brørup'),
('6660','575','Lintrup'),
('6752','575','Glejbjerg'),
('6200','580','Aabenraa'),
('6230','580','Rødekro'),
('6330','580','Padborg'),
('6340','580','Kruså'),
('6360','580','Tinglev'),
('6372','580','Bylderup-Bov'),
('6392','580','Bolderslev'),
('7000','630','Fredericia'),
('7007','607','Fredericia'),
('6000','621','Kolding'),
('6040','630','Egtved'),
('6051','621','Almind'),
('6052','630','Viuf'),
('6064','621','Jordrup'),
('6091','621','Bjert'),
('6092','621','Sønder Stenderup'),
('6093','621','Sjølund'),
('6580','621','Vamdrup'),
('6640','621','Lunderskov'),
('7080','630','Børkop'),
('7182','630','Bredsten'),
('7183','630','Randbøl'),
('7184','630','Vandel'),
('7300','630','Jelling'),
('7321','630','Gadbjerg'),
('900','101','København C'),
('999','101','København C'),
('1000','101','København K'),
('1050','101','København K'),
('1051','101','København K'),
('1052','101','København K'),
('1053','101','København K'),
('1054','101','København K'),
('1055','101','København K'),
('1056','101','København K'),
('1057','101','København K'),
('1058','101','København K'),
('1059','101','København K'),
('1060','101','København K'),
('1061','101','København K'),
('1062','101','København K'),
('1063','101','København K'),
('1064','101','København K'),
('1065','101','København K'),
('1066','101','København K'),
('1067','101','København K'),
('1068','101','København K'),
('1069','101','København K'),
('1070','101','København K'),
('1071','101','København K'),
('1072','101','København K'),
('1073','101','København K'),
('1074','101','København K'),
('1092','101','København K'),
('1093','101','København K'),
('1095','101','København K'),
('1098','101','København K'),
('1100','101','København K'),
('1101','101','København K'),
('1102','101','København K'),
('1103','101','København K'),
('1104','101','København K'),
('1105','101','København K'),
('1106','101','København K'),
('1107','101','København K'),
('1110','101','København K'),
('1111','101','København K'),
('1112','101','København K'),
('1113','101','København K'),
('1114','101','København K'),
('1115','101','København K'),
('1116','101','København K'),
('1117','101','København K'),
('1118','101','København K'),
('1119','101','København K'),
('1120','101','København K'),
('1122','101','København K'),
('1123','101','København K'),
('1124','101','København K'),
('1125','101','København K'),
('1126','101','København K'),
('1127','101','København K'),
('1128','101','København K'),
('1129','101','København K'),
('1130','101','København K'),
('1131','101','København K'),
('1140','101','København K'),
('1147','101','København K'),
('1148','101','København K'),
('1150','101','København K'),
('1151','101','København K'),
('1152','101','København K'),
('1153','101','København K'),
('1154','101','København K'),
('1155','101','København K'),
('1156','101','København K'),
('1157','101','København K'),
('1158','101','København K'),
('1159','101','København K'),
('1160','101','København K'),
('1161','101','København K'),
('1162','101','København K'),
('1164','101','København K'),
('1165','101','København K'),
('1166','101','København K'),
('1167','101','København K'),
('1168','101','København K'),
('1169','101','København K'),
('1170','101','København K'),
('1171','101','København K'),
('1172','101','København K'),
('1173','101','København K'),
('1174','101','København K'),
('1175','101','København K'),
('1200','101','København K'),
('1201','101','København K'),
('1202','101','København K'),
('1203','101','København K'),
('1204','101','København K'),
('1205','101','København K'),
('1206','101','København K'),
('1207','101','København K'),
('1208','101','København K'),
('1209','101','København K'),
('1210','101','København K'),
('1211','101','København K'),
('1213','101','København K'),
('1214','101','København K'),
('1215','101','København K'),
('1216','101','København K'),
('1217','101','København K'),
('1218','101','København K'),
('1219','101','København K'),
('1220','101','København K'),
('1221','101','København K'),
('1240','101','København K'),
('1250','101','København K'),
('1251','101','København K'),
('1253','101','København K'),
('1254','101','København K'),
('1255','101','København K'),
('1256','101','København K'),
('1257','101','København K'),
('1259','101','København K'),
('1260','101','København K'),
('1261','101','København K'),
('1263','101','København K'),
('1264','101','København K'),
('1265','101','København K'),
('1266','101','København K'),
('1267','101','København K'),
('1268','101','København K'),
('1270','101','København K'),
('1271','101','København K'),
('1291','101','København K'),
('1300','101','København K'),
('1301','101','København K'),
('1302','101','København K'),
('1303','101','København K'),
('1304','101','København K'),
('1306','101','København K'),
('1307','101','København K'),
('1308','101','København K'),
('1309','101','København K'),
('1310','101','København K'),
('1311','101','København K'),
('1312','101','København K'),
('1313','101','København K'),
('1314','101','København K'),
('1315','101','København K'),
('1316','101','København K'),
('1317','101','København K'),
('1318','101','København K'),
('1319','101','København K'),
('1320','101','København K'),
('1321','101','København K'),
('1322','101','København K'),
('1323','101','København K'),
('1324','101','København K'),
('1325','101','København K'),
('1326','101','København K'),
('1327','101','København K'),
('1328','101','København K'),
('1329','101','København K'),
('1349','101','København K'),
('1350','101','København K'),
('1352','101','København K'),
('1353','101','København K'),
('1354','101','København K'),
('1355','101','København K'),
('1356','101','København K'),
('1357','101','København K'),
('1358','101','København K'),
('1359','101','København K'),
('1360','101','København K'),
('1361','101','København K'),
('1362','101','København K'),
('1363','101','København K'),
('1364','101','København K'),
('1365','101','København K'),
('1366','101','København K'),
('1367','101','København K'),
('1368','101','København K'),
('1369','101','København K'),
('1370','101','København K'),
('1371','101','København K'),
('1400','101','København K'),
('1401','101','København K'),
('1402','101','København K'),
('1403','101','København K'),
('1406','101','København K'),
('1407','101','København K'),
('1408','101','København K'),
('1409','101','København K'),
('1410','101','København K'),
('1411','101','København K'),
('1412','101','København K'),
('1413','101','København K'),
('1414','101','København K'),
('1415','101','København K'),
('1416','101','København K'),
('1417','101','København K'),
('1418','101','København K'),
('1419','101','København K'),
('1420','101','København K'),
('1421','101','København K'),
('1422','101','København K'),
('1423','101','København K'),
('1424','101','København K'),
('1425','101','København K'),
('1426','101','København K'),
('1427','101','København K'),
('1428','101','København K'),
('1429','101','København K'),
('1430','101','København K'),
('1431','101','København K'),
('1432','101','København K'),
('1433','101','København K'),
('1434','101','København K'),
('1435','101','København K'),
('1436','101','København K'),
('1437','101','København K'),
('1438','101','København K'),
('1439','101','København K'),
('1440','101','København K'),
('1441','101','København K'),
('1448','101','København K'),
('1450','101','København K'),
('1451','101','København K'),
('1452','101','København K'),
('1453','101','København K'),
('1454','101','København K'),
('1455','101','København K'),
('1456','101','København K'),
('1457','101','København K'),
('1458','101','København K'),
('1459','101','København K'),
('1460','101','København K'),
('1462','101','København K'),
('1463','101','København K'),
('1464','101','København K'),
('1466','101','København K'),
('1467','101','København K'),
('1468','101','København K'),
('1470','101','København K'),
('1471','101','København K'),
('1472','101','København K'),
('1500','101','København V'),
('1550','101','København V'),
('1551','101','København V'),
('1552','101','København V'),
('1553','101','København V'),
('1554','101','København V'),
('1555','101','København V'),
('1556','101','København V'),
('1557','101','København V'),
('1558','101','København V'),
('1559','101','København V'),
('1560','101','København V'),
('1561','101','København V'),
('1562','101','København V'),
('1563','101','København V'),
('1564','101','København V'),
('1566','101','København V'),
('1567','101','København V'),
('1568','101','København V'),
('1569','101','København V'),
('1570','101','København V'),
('1571','101','København V'),
('1572','101','København V'),
('1573','101','København V'),
('1574','101','København V'),
('1575','101','København V'),
('1576','101','København V'),
('1577','101','København V'),
('1592','101','København V'),
('1599','101','København V'),
('1600','101','København V'),
('1601','101','København V'),
('1602','101','København V'),
('1603','101','København V'),
('1604','101','København V'),
('1606','101','København V'),
('1607','101','København V'),
('1608','101','København V'),
('1609','101','København V'),
('1610','101','København V'),
('1611','101','København V'),
('1612','101','København V'),
('1613','101','København V'),
('1614','101','København V'),
('1615','101','København V'),
('1616','101','København V'),
('1617','101','København V'),
('1618','101','København V'),
('1619','101','København V'),
('1620','101','København V'),
('1621','101','København V'),
('1622','101','København V'),
('1623','101','København V'),
('1624','101','København V'),
('1630','101','København V'),
('1631','101','København V'),
('1632','101','København V'),
('1633','101','København V'),
('1634','101','København V'),
('1635','101','København V'),
('1640','101','København V'),
('1650','101','København V'),
('1651','101','København V'),
('1652','101','København V'),
('1653','101','København V'),
('1654','101','København V'),
('1655','101','København V'),
('1656','101','København V'),
('1657','101','København V'),
('1658','101','København V'),
('1659','101','København V'),
('1660','101','København V'),
('1661','101','København V'),
('1662','101','København V'),
('1663','101','København V'),
('1664','101','København V'),
('1665','101','København V'),
('1666','101','København V'),
('1667','101','København V'),
('1668','101','København V'),
('1669','101','København V'),
('1670','101','København V'),
('1671','101','København V'),
('1672','101','København V'),
('1673','101','København V'),
('1674','101','København V'),
('1675','101','København V'),
('1676','101','København V'),
('1677','101','København V'),
('1699','101','København V'),
('1700','101','København V'),
('1701','101','København V'),
('1702','101','København V'),
('1703','101','København V'),
('1704','101','København V'),
('1705','101','København V'),
('1706','101','København V'),
('1707','101','København V'),
('1708','101','København V'),
('1709','101','København V'),
('1710','101','København V'),
('1711','101','København V'),
('1712','101','København V'),
('1714','101','København V'),
('1715','101','København V'),
('1716','101','København V'),
('1717','101','København V'),
('1718','101','København V'),
('1719','101','København V'),
('1720','101','København V'),
('1721','101','København V'),
('1722','101','København V'),
('1723','101','København V'),
('1724','101','København V'),
('1725','101','København V'),
('1726','101','København V'),
('1727','101','København V'),
('1728','101','København V'),
('1729','101','København V'),
('1730','101','København V'),
('1731','101','København V'),
('1732','101','København V'),
('1733','101','København V'),
('1734','101','København V'),
('1735','101','København V'),
('1736','101','København V'),
('1737','101','København V'),
('1738','101','København V'),
('1739','101','København V'),
('1748','101','København V'),
('1749','101','København V'),
('1750','101','København V'),
('1751','101','København V'),
('1752','101','København V'),
('1753','101','København V'),
('1754','101','København V'),
('1755','101','København V'),
('1756','101','København V'),
('1757','101','København V'),
('1758','101','København V'),
('1759','101','København V'),
('1760','101','København V'),
('1761','101','København V'),
('1762','101','København V'),
('1763','101','København V'),
('1764','101','København V'),
('1765','101','København V'),
('1766','101','København V'),
('1770','101','København V'),
('1771','101','København V'),
('1772','101','København V'),
('1773','101','København V'),
('1774','101','København V'),
('1775','101','København V'),
('1777','101','København V'),
('1778','101','København V'),
('1780','147','København V'),
('1785','101','København V'),
('1786','101','København V'),
('1787','101','København V'),
('1789','101','København V'),
('1790','147','København V'),
('1795','101','København V'),
('1799','101','København V'),
('1810','147','Frederiksberg C'),
('2000','147','Frederiksberg'),
('2100','101','København Ø'),
('2200','147','København N'),
('2300','185','København S'),
('2400','101','København NV'),
('2450','101','København SV'),
('2500','147','Valby'),
('2610','175','Rødovre'),
('2700','101','Brønshøj'),
('2720','147','Vanløse'),
('2770','185','Kastrup'),
('2860','159','Søborg'),
('2900','157','Hellerup'),
('1800','147','Frederiksberg C'),
('1801','147','Frederiksberg C'),
('1802','147','Frederiksberg C'),
('1803','147','Frederiksberg C'),
('1804','147','Frederiksberg C'),
('1805','147','Frederiksberg C'),
('1806','147','Frederiksberg C'),
('1807','147','Frederiksberg C'),
('1808','147','Frederiksberg C'),
('1809','147','Frederiksberg C'),
('1811','147','Frederiksberg C'),
('1812','147','Frederiksberg C'),
('1813','147','Frederiksberg C'),
('1814','147','Frederiksberg C'),
('1815','147','Frederiksberg C'),
('1816','147','Frederiksberg C'),
('1817','147','Frederiksberg C'),
('1818','147','Frederiksberg C'),
('1819','147','Frederiksberg C'),
('1820','147','Frederiksberg C'),
('1822','147','Frederiksberg C'),
('1823','147','Frederiksberg C'),
('1824','147','Frederiksberg C'),
('1825','147','Frederiksberg C'),
('1826','147','Frederiksberg C'),
('1827','147','Frederiksberg C'),
('1828','147','Frederiksberg C'),
('1829','147','Frederiksberg C'),
('1850','147','Frederiksberg C'),
('1851','147','Frederiksberg C'),
('1852','147','Frederiksberg C'),
('1853','147','Frederiksberg C'),
('1854','147','Frederiksberg C'),
('1855','147','Frederiksberg C'),
('1856','147','Frederiksberg C'),
('1857','147','Frederiksberg C'),
('1860','147','Frederiksberg C'),
('1861','147','Frederiksberg C'),
('1862','147','Frederiksberg C'),
('1863','147','Frederiksberg C'),
('1864','147','Frederiksberg C'),
('1865','147','Frederiksberg C'),
('1866','147','Frederiksberg C'),
('1867','147','Frederiksberg C'),
('1868','147','Frederiksberg C'),
('1870','147','Frederiksberg C'),
('1871','147','Frederiksberg C'),
('1872','147','Frederiksberg C'),
('1873','147','Frederiksberg C'),
('1874','147','Frederiksberg C'),
('1875','147','Frederiksberg C'),
('1876','147','Frederiksberg C'),
('1877','147','Frederiksberg C'),
('1878','147','Frederiksberg C'),
('1879','147','Frederiksberg C'),
('1900','147','Frederiksberg C'),
('1901','147','Frederiksberg C'),
('1902','147','Frederiksberg C'),
('1903','147','Frederiksberg C'),
('1904','147','Frederiksberg C'),
('1905','147','Frederiksberg C'),
('1906','147','Frederiksberg C'),
('1908','147','Frederiksberg C'),
('1909','147','Frederiksberg C'),
('1910','147','Frederiksberg C'),
('1911','147','Frederiksberg C'),
('1912','147','Frederiksberg C'),
('1913','147','Frederiksberg C'),
('1914','147','Frederiksberg C'),
('1915','147','Frederiksberg C'),
('1916','147','Frederiksberg C'),
('1917','147','Frederiksberg C'),
('1920','147','Frederiksberg C'),
('1921','147','Frederiksberg C'),
('1922','147','Frederiksberg C'),
('1923','147','Frederiksberg C'),
('1924','147','Frederiksberg C'),
('1925','147','Frederiksberg C'),
('1926','147','Frederiksberg C'),
('1927','147','Frederiksberg C'),
('1928','147','Frederiksberg C'),
('1950','147','Frederiksberg C'),
('1951','147','Frederiksberg C'),
('1952','147','Frederiksberg C'),
('1953','147','Frederiksberg C'),
('1954','147','Frederiksberg C'),
('1955','147','Frederiksberg C'),
('1956','147','Frederiksberg C'),
('1957','147','Frederiksberg C'),
('1958','147','Frederiksberg C'),
('1959','147','Frederiksberg C'),
('1960','147','Frederiksberg C'),
('1961','147','Frederiksberg C'),
('1962','147','Frederiksberg C'),
('1963','147','Frederiksberg C'),
('1964','147','Frederiksberg C'),
('1965','147','Frederiksberg C'),
('1966','147','Frederiksberg C'),
('1967','147','Frederiksberg C'),
('1970','147','Frederiksberg C'),
('1971','147','Frederiksberg C'),
('1972','147','Frederiksberg C'),
('1973','147','Frederiksberg C'),
('1974','147','Frederiksberg C'),
('2730','175','Herlev'),
('2740','163','Skovlunde'),
('2750','240','Ballerup'),
('2760','151','Måløv'),
('3500','240','Værløse'),
('2600','165','Glostrup'),
('2605','153','Brøndby'),
('2620','165','Albertslund'),
('2650','167','Hvidovre'),
('2660','167','Brøndby Strand'),
('2791','185','Dragør'),
('2800','230','Kongens Lyngby'),
('2820','159','Gentofte'),
('2870','157','Dyssegård'),
('2920','157','Charlottenlund'),
('2930','173','Klampenborg'),
('2880','190','Bagsværd'),
('800','169','Høje Taastrup'),
('2630','169','Taastrup'),
('2633','169','Returpost'),
('2640','265','Hedehusene'),
('4000','350','Roskilde'),
('2830','230','Virum'),
('2840','230','Holte'),
('2635','183','Ishøj'),
('1532','185','København V'),
('1533','185','København V'),
('2625','187','Vallensbæk'),
('2665','187','Vallensbæk Strand'),
('3460','230','Birkerød'),
('3520','240','Farum'),
('3540','240','Lynge'),
('3400','219','Hillerød'),
('3450','219','Allerød'),
('3550','250','Slangerup'),
('2970','230','Hørsholm'),
('2980','223','Kokkedal'),
('2990','210','Nivå'),
('3050','217','Humlebæk'),
('3060','217','Espergærde'),
('3480','219','Fredensborg'),
('3490','217','Kvistgård'),
('3000','217','Helsingør'),
('3070','217','Snekkersten'),
('3080','217','Tikøb'),
('3100','270','Hornbæk'),
('3140','217','Ålsgårde'),
('3150','217','Hellebæk'),
('3230','270','Græsted'),
('3200','270','Helsinge'),
('3310','260','Ølsted'),
('3320','260','Skævinge'),
('3330','219','Gørløse'),
('3600','260','Frederikssund'),
('2950','230','Vedbæk'),
('2960','223','Rungsted Kyst'),
('2850','230','Nærum'),
('2942','230','Skodsborg'),
('2765','240','Smørum'),
('3650','240','Ølstykke'),
('3660','240','Stenløse'),
('3670','265','Veksø Sjælland'),
('3630','250','Jægerspris'),
('4050','250','Skibby'),
('3300','270','Frederiksværk'),
('3360','260','Liseleje'),
('3370','260','Melby'),
('3390','260','Hundested'),
('3120','270','Dronningmølle'),
('3210','270','Vejby'),
('3220','270','Tisvildeleje'),
('3250','270','Gilleleje'),
('3700','400','Rønne'),
('3720','400','Aakirkeby'),
('3730','400','Nexø'),
('3740','400','Svaneke'),
('3751','400','Østermarie'),
('3760','411','Gudhjem'),
('3770','400','Allinge'),
('3782','400','Klemensker'),
('3790','400','Hasle'),
('2670','253','Greve'),
('2690','269','Karlslunde'),
('4030','265','Tune'),
('4100','370','Ringsted'),
('4130','265','Viby Sjælland'),
('4140','329','Borup'),
('4174','329','Jystrup Midtsj'),
('4320','350','Lejre'),
('4600','336','Køge'),
('4623','269','Lille Skensved'),
('4632','259','Bjæverskov'),
('4681','259','Herfølge'),
('4682','336','Tureby'),
('4040','265','Jyllinge'),
('4621','265','Gadstrup'),
('4622','269','Havdrup'),
('2680','269','Solrød Strand'),
('4500','306','Nykøbing Sj'),
('4534','326','Hørve'),
('4540','306','Fårevejle'),
('4550','306','Asnæs'),
('4560','306','Vig'),
('4571','306','Grevinge'),
('4572','306','Nørre Asmindrup'),
('4573','306','Højby'),
('4581','306','Rørvig'),
('4583','306','Sjællands Odde'),
('4591','326','Føllenslev'),
('4295','340','Stenlille'),
('4296','340','Nyrup'),
('4300','316','Holbæk'),
('4330','350','Hvalsø'),
('4340','350','Tølløse'),
('4350','316','Ugerløse'),
('4360','329','Kirke Eskilstrup'),
('4370','340','Store Merløse'),
('4390','316','Vipperød'),
('4420','316','Regstrup'),
('4440','316','Mørkøv'),
('4450','326','Jyderup'),
('4460','326','Snertinge'),
('4470','326','Svebølle'),
('4520','316','Svinninge'),
('4532','316','Gislinge'),
('4160','370','Herlufmagle'),
('4640','370','Faxe'),
('4652','336','Hårlev'),
('4653','336','Karise'),
('4654','320','Faxe Ladeplads'),
('4683','370','Rønnede'),
('4684','370','Holmegaard'),
('4690','370','Haslev'),
('4733','390','Tappernøje'),
('4200','370','Slagelse'),
('4270','330','Høng'),
('4281','326','Gørlev'),
('4291','340','Ruds Vedby'),
('4293','340','Dianalund'),
('4400','326','Kalundborg'),
('4480','326','Store Fuglede'),
('4490','326','Jerslev Sjælland'),
('4592','326','Sejerø'),
('4593','326','Eskebjerg'),
('4105','329','Ringsted'),
('4173','340','Fjenneslev'),
('4180','340','Sorø'),
('4190','340','Munke Bjergby'),
('4220','330','Korsør'),
('4230','330','Skælskør'),
('4241','330','Vemmelev'),
('4242','330','Boeslunde'),
('4243','370','Rude'),
('4250','370','Fuglebjerg'),
('4261','370','Dalmose'),
('4262','370','Sandved'),
('4660','336','Store Heddinge'),
('4671','336','Strøby'),
('4672','336','Klippinge'),
('4673','336','Rødvig Stevns'),
('4060','350','Kirke Såby'),
('4070','350','Kirke Hyllinge'),
('4894','376','Øster Ulslev'),
('4895','360','Errindlev'),
('4900','360','Nakskov'),
('4912','360','Harpelunde'),
('4913','360','Horslunde'),
('4920','360','Søllested'),
('4930','376','Maribo'),
('4941','360','Bandholm'),
('4943','360','Torrig L'),
('4944','360','Fejø'),
('4951','360','Nørreballe'),
('4952','360','Stokkemarke'),
('4953','360','Vesterborg'),
('4960','360','Holeby'),
('4970','360','Rødby'),
('4983','360','Dannemare'),
('4171','370','Glumsø'),
('4700','370','Næstved'),
('4736','370','Karrebæksminde'),
('4750','390','Lundby'),
('4800','376','Nykøbing F'),
('4840','376','Nørre Alslev'),
('4850','376','Stubbekøbing'),
('4862','376','Guldborg'),
('4863','376','Eskilstrup'),
('4871','376','Horbelev'),
('4872','376','Idestrup'),
('4873','376','Væggerløse'),
('4874','376','Gedser'),
('4880','376','Nysted'),
('4891','376','Toreby L'),
('4892','376','Kettinge'),
('4990','376','Sakskøbing'),
('4720','390','Præstø'),
('4735','390','Mern'),
('4760','390','Vordingborg'),
('4771','390','Kalvehave'),
('4772','390','Langebæk'),
('4773','390','Stensved'),
('4780','390','Stege'),
('4791','390','Borre'),
('4792','390','Askeby'),
('4793','390','Bogø By')
;

