CREATE TABLE IF NOT EXISTS `danish_regional_data_region` (
  `id` smallint(11) unsigned NOT NULL AUTO_INCREMENT,
  `name` varchar(11) COLLATE utf8_danish_ci NOT NULL,
  PRIMARY KEY (`id`)
) ENGINE=MyISAM  DEFAULT CHARSET=utf8 COLLATE=utf8_danish_ci;

CREATE TABLE IF NOT EXISTS `danish_regional_data_commune` (
  `id` int(11) unsigned NOT NULL AUTO_INCREMENT,
  `region_id` int(11) NOT NULL,
  `name` varchar(18) COLLATE utf8_danish_ci NOT NULL,
  PRIMARY KEY (`id`)
) ENGINE=MyISAM  DEFAULT CHARSET=utf8 COLLATE=utf8_danish_ci;

CREATE TABLE IF NOT EXISTS `danish_regional_data_city` (
  `id` smallint(11) unsigned NOT NULL AUTO_INCREMENT,
  `commune_id` int(11) NOT NULL,
  `name` varchar(18) COLLATE utf8_danish_ci NOT NULL,
  `region_name` varchar(11) COLLATE utf8_danish_ci NOT NULL,
  `commune_name` varchar(18) COLLATE utf8_danish_ci NOT NULL,
  PRIMARY KEY (`id`)
) ENGINE=MyISAM  DEFAULT CHARSET=utf8 COLLATE=utf8_danish_ci;

INSERT INTO `danish_regional_data_region` (`id`,`name`) VALUES 
('1081','Nordjylland'),
('1082','Midtjylland'),
('1083','Syddanmark'),
('1084','Hovedstaden'),
('1085','Sjælland')
;

INSERT INTO `danish_regional_data_commune` (`id`,`region_id`,`name`) VALUES 
('773','1081','Morsø'),
('787','1081','Thisted'),
('810','1081','Brønderslev'),
('813','1081','Frederikshavn'),
('820','1081','Vesthimmerlands'),
('825','1081','Læsø'),
('840','1081','Rebild'),
('846','1081','Mariagerfjord'),
('849','1081','Jammerbugt'),
('851','1081','Aalborg'),
('860','1081','Hjørring'),
('615','1082','Horsens'),
('657','1082','Herning'),
('661','1082','Holstebro'),
('665','1082','Lemvig'),
('671','1082','Struer'),
('706','1082','Syddjurs'),
('707','1082','Norddjurs'),
('710','1082','Favrskov'),
('727','1082','Odder'),
('730','1082','Randers'),
('740','1082','Silkeborg'),
('741','1082','Samsø'),
('746','1082','Skanderborg'),
('751','1082','Århus'),
('756','1082','Ikast-Brande'),
('760','1082','Ringkøbing-Skjern'),
('766','1082','Hedensted'),
('779','1082','Skive'),
('791','1082','Viborg'),
('410','1083','Middelfart'),
('420','1083','Assens'),
('430','1083','Faaborg-Midtfyn'),
('440','1083','Kerteminde'),
('450','1083','Nyborg'),
('461','1083','Odense'),
('479','1083','Svendborg'),
('480','1083','Nordfyns'),
('482','1083','Langeland'),
('492','1083','Ærø'),
('510','1083','Haderslev'),
('530','1083','Billund'),
('540','1083','Sønderborg'),
('550','1083','Tønder'),
('561','1083','Esbjerg'),
('563','1083','Fanø'),
('573','1083','Varde'),
('575','1083','Vejen'),
('580','1083','Aabenraa'),
('607','1083','Fredericia'),
('621','1083','Kolding'),
('630','1083','Vejle'),
('101','1084','Københavns'),
('147','1084','Frederiksberg'),
('151','1084','Ballerup'),
('153','1084','Brøndby'),
('155','1084','Dragør'),
('157','1084','Gentofte'),
('159','1084','Gladsaxe'),
('161','1084','Glostrup'),
('163','1084','Herlev'),
('165','1084','Albertslund'),
('167','1084','Hvidovre'),
('169','1084','Høje-Taastrup'),
('173','1084','Lyngby-Taarbæk'),
('175','1084','Rødovre'),
('183','1084','Ishøj'),
('185','1084','Tårnby'),
('187','1084','Vallensbæk'),
('190','1084','Furesø'),
('201','1084','Allerød'),
('210','1084','Fredensborg'),
('217','1084','Helsingør'),
('219','1084','Hillerød'),
('223','1084','Hørsholm'),
('230','1084','Rudersdal'),
('240','1084','Egedal'),
('250','1084','Frederikssund'),
('260','1084','Halsnæs'),
('270','1084','Gribskov'),
('400','1084','Bornholm'),
('411','1084','Christiansø'),
('253','1085','Greve'),
('259','1085','Køge'),
('265','1085','Roskilde'),
('269','1085','Solrød'),
('306','1085','Odsherred'),
('316','1085','Holbæk'),
('320','1085','Faxe'),
('326','1085','Kalundborg'),
('329','1085','Ringsted'),
('330','1085','Slagelse'),
('336','1085','Stevns'),
('340','1085','Sorø'),
('350','1085','Lejre'),
('360','1085','Lolland'),
('370','1085','Næstved'),
('376','1085','Guldborgsund'),
('390','1085','Vordingborg')
;

INSERT INTO `danish_regional_data_city` (`id`,`commune_id`,`name`,`region_name`,`commune_name`) VALUES 
('7900','773','Nykøbing M','Nordjylland','Morsø'),
('7950','773','Erslev','Nordjylland','Morsø'),
('7960','773','Karby','Nordjylland','Morsø'),
('7970','773','Redsted M','Nordjylland','Morsø'),
('7980','773','Vils','Nordjylland','Morsø'),
('7990','773','Øster Assels','Nordjylland','Morsø'),
('7700','787','Thisted','Nordjylland','Thisted'),
('7730','787','Hanstholm','Nordjylland','Thisted'),
('7741','787','Frøstrup','Nordjylland','Thisted'),
('7742','787','Vesløs','Nordjylland','Thisted'),
('7752','787','Snedsted','Nordjylland','Thisted'),
('7755','787','Bedsted Thy','Nordjylland','Thisted'),
('7760','671','Hurup Thy','Midtjylland','Struer'),
('7770','787','Vestervig','Nordjylland','Thisted'),
('9320','851','Hjallerup','Nordjylland','Aalborg'),
('9330','813','Dronninglund','Nordjylland','Frederikshavn'),
('9340','813','Asaa','Nordjylland','Frederikshavn'),
('9352','813','Dybvad','Nordjylland','Frederikshavn'),
('9370','851','Hals','Nordjylland','Aalborg'),
('9382','851','Tylstrup','Nordjylland','Aalborg'),
('9440','851','Aabybro','Nordjylland','Aalborg'),
('9480','860','Løkken','Nordjylland','Hjørring'),
('9700','849','Brønderslev','Nordjylland','Jammerbugt'),
('9740','860','Jerslev J','Nordjylland','Hjørring'),
('9750','860','Østervrå','Nordjylland','Hjørring'),
('9760','860','Vrå','Nordjylland','Hjørring'),
('9300','813','Sæby','Nordjylland','Frederikshavn'),
('9830','860','Tårs','Nordjylland','Hjørring'),
('9870','860','Sindal','Nordjylland','Hjørring'),
('9881','860','Bindslev','Nordjylland','Hjørring'),
('9900','860','Frederikshavn','Nordjylland','Hjørring'),
('9970','813','Strandby','Nordjylland','Frederikshavn'),
('9981','813','Jerup','Nordjylland','Frederikshavn'),
('9982','860','Ålbæk','Nordjylland','Hjørring'),
('9990','813','Skagen','Nordjylland','Frederikshavn'),
('9240','851','Nibe','Nordjylland','Aalborg'),
('9541','840','Suldrup','Nordjylland','Rebild'),
('9600','840','Aars','Nordjylland','Rebild'),
('9610','840','Nørager','Nordjylland','Rebild'),
('9620','791','Aalestrup','Midtjylland','Viborg'),
('9631','791','Gedsted','Midtjylland','Viborg'),
('9640','820','Farsø','Nordjylland','Vesthimmerlands'),
('9670','849','Løgstør','Nordjylland','Jammerbugt'),
('9681','820','Ranum','Nordjylland','Vesthimmerlands'),
('9940','825','Læsø','Nordjylland','Læsø'),
('9230','851','Svenstrup J','Nordjylland','Aalborg'),
('9260','851','Gistrup','Nordjylland','Aalborg'),
('9293','851','Kongerslev','Nordjylland','Aalborg'),
('9500','791','Hobro','Midtjylland','Viborg'),
('9510','846','Arden','Nordjylland','Mariagerfjord'),
('9520','840','Skørping','Nordjylland','Rebild'),
('9530','851','Støvring','Nordjylland','Aalborg'),
('9560','846','Hadsund','Nordjylland','Mariagerfjord'),
('9574','840','Bælum','Nordjylland','Rebild'),
('9575','840','Terndrup','Nordjylland','Rebild'),
('8970','730','Havndal','Midtjylland','Randers'),
('8990','730','Fårup','Midtjylland','Randers'),
('9550','730','Mariager','Midtjylland','Randers'),
('9632','791','Møldrup','Midtjylland','Viborg'),
('9381','851','Sulsted','Nordjylland','Aalborg'),
('9430','851','Vadum','Nordjylland','Aalborg'),
('9460','849','Brovst','Nordjylland','Jammerbugt'),
('9490','849','Pandrup','Nordjylland','Jammerbugt'),
('9492','849','Blokhus','Nordjylland','Jammerbugt'),
('9493','849','Saltum','Nordjylland','Jammerbugt'),
('9690','849','Fjerritslev','Nordjylland','Jammerbugt'),
('9000','851','Aalborg','Nordjylland','Aalborg'),
('9200','851','Aalborg SV','Nordjylland','Aalborg'),
('9210','851','Aalborg SØ','Nordjylland','Aalborg'),
('9220','851','Aalborg Øst','Nordjylland','Aalborg'),
('9270','851','Klarup','Nordjylland','Aalborg'),
('9280','851','Storvorde','Nordjylland','Aalborg'),
('9310','851','Vodskov','Nordjylland','Aalborg'),
('9362','851','Gandrup','Nordjylland','Aalborg'),
('9380','851','Vestbjerg','Nordjylland','Aalborg'),
('9400','851','Nørresundby','Nordjylland','Aalborg'),
('9800','860','Hjørring','Nordjylland','Hjørring'),
('9850','860','Hirtshals','Nordjylland','Hjørring'),
('8654','756','Bryrup','Midtjylland','Ikast-Brande'),
('8660','751','Skanderborg','Midtjylland','Århus'),
('8680','746','Ry','Midtjylland','Skanderborg'),
('8700','766','Horsens','Midtjylland','Hedensted'),
('8732','615','Hovedgård','Midtjylland','Horsens'),
('8740','740','Brædstrup','Midtjylland','Silkeborg'),
('8751','746','Gedved','Midtjylland','Skanderborg'),
('8752','615','Østbirk','Midtjylland','Horsens'),
('8762','766','Flemming','Midtjylland','Hedensted'),
('8765','756','Klovborg','Midtjylland','Ikast-Brande'),
('8781','766','Stenderup','Midtjylland','Hedensted'),
('8783','766','Hornsyld','Midtjylland','Hedensted'),
('6933','760','Kibæk','Midtjylland','Ringkøbing-Skjern'),
('6973','760','Ørnhøj','Midtjylland','Ringkøbing-Skjern'),
('6990','760','Ulfborg','Midtjylland','Ringkøbing-Skjern'),
('7260','530','Sønder Omme','Syddanmark','Billund'),
('7270','530','Stakroge','Syddanmark','Billund'),
('7280','760','Sønder Felding','Midtjylland','Ringkøbing-Skjern'),
('7330','630','Brande','Syddanmark','Vejle'),
('7400','760','Herning','Midtjylland','Ringkøbing-Skjern'),
('7451','791','Sunds','Midtjylland','Viborg'),
('7470','791','Karup J','Midtjylland','Viborg'),
('7480','760','Vildbjerg','Midtjylland','Ringkøbing-Skjern'),
('7490','657','Aulum','Midtjylland','Herning'),
('7500','671','Holstebro','Midtjylland','Struer'),
('7540','661','Haderup','Midtjylland','Holstebro'),
('7550','657','Sørvad','Midtjylland','Herning'),
('7830','779','Vinderup','Midtjylland','Skive'),
('7560','671','Hjerm','Midtjylland','Struer'),
('7570','665','Vemb','Midtjylland','Lemvig'),
('7600','671','Struer','Midtjylland','Struer'),
('7800','791','Skive','Midtjylland','Viborg'),
('7620','665','Lemvig','Midtjylland','Lemvig'),
('7650','665','Bøvlingbjerg','Midtjylland','Lemvig'),
('7660','671','Bækmarksbro','Midtjylland','Struer'),
('7673','665','Harboøre','Midtjylland','Lemvig'),
('7680','665','Thyborøn','Midtjylland','Lemvig'),
('7790','671','Thyholm','Midtjylland','Struer'),
('8400','706','Ebeltoft','Midtjylland','Syddjurs'),
('8410','706','Rønde','Midtjylland','Syddjurs'),
('8420','706','Knebel','Midtjylland','Syddjurs'),
('8444','707','Balle','Midtjylland','Norddjurs'),
('8543','751','Hornslet','Midtjylland','Århus'),
('8544','707','Mørke','Midtjylland','Norddjurs'),
('8550','707','Ryomgård','Midtjylland','Norddjurs'),
('8560','707','Kolind','Midtjylland','Norddjurs'),
('8570','707','Trustrup','Midtjylland','Norddjurs'),
('8581','707','Nimtofte','Midtjylland','Norddjurs'),
('8963','707','Auning','Midtjylland','Norddjurs'),
('8500','707','Grenaa','Midtjylland','Norddjurs'),
('8585','707','Glesborg','Midtjylland','Norddjurs'),
('8586','707','Ørum Djurs','Midtjylland','Norddjurs'),
('8592','707','Anholt','Midtjylland','Norddjurs'),
('8950','707','Ørsted','Midtjylland','Norddjurs'),
('8961','707','Allingåbro','Midtjylland','Norddjurs'),
('8370','710','Hadsten','Midtjylland','Favrskov'),
('8380','751','Trige','Midtjylland','Århus'),
('8382','751','Hinnerup','Midtjylland','Århus'),
('8450','740','Hammel','Midtjylland','Silkeborg'),
('8471','751','Sabro','Midtjylland','Århus'),
('8472','746','Sporup','Midtjylland','Skanderborg'),
('8641','740','Sorring','Midtjylland','Silkeborg'),
('8850','791','Bjerringbro','Midtjylland','Viborg'),
('8860','791','Ulstrup','Midtjylland','Viborg'),
('8870','730','Langå','Midtjylland','Randers'),
('8881','740','Thorsø','Midtjylland','Silkeborg'),
('8882','740','Fårvang','Midtjylland','Silkeborg'),
('8940','730','Randers SV','Midtjylland','Randers'),
('8960','730','Randers SØ','Midtjylland','Randers'),
('8300','751','Odder','Midtjylland','Århus'),
('8340','751','Malling','Midtjylland','Århus'),
('8350','727','Hundslund','Midtjylland','Odder'),
('8900','730','Randers C','Midtjylland','Randers'),
('8920','730','Randers NV','Midtjylland','Randers'),
('8930','730','Randers NØ','Midtjylland','Randers'),
('8981','730','Spentrup','Midtjylland','Randers'),
('8983','730','Gjerlev J','Midtjylland','Randers'),
('7362','756','Hampen','Midtjylland','Ikast-Brande'),
('7441','756','Bording','Midtjylland','Ikast-Brande'),
('7442','756','Engesvang','Midtjylland','Ikast-Brande'),
('8600','756','Silkeborg','Midtjylland','Ikast-Brande'),
('8620','791','Kjellerup','Midtjylland','Viborg'),
('8632','740','Lemming','Midtjylland','Silkeborg'),
('8643','791','Ans By','Midtjylland','Viborg'),
('8653','740','Them','Midtjylland','Silkeborg'),
('8800','791','Viborg','Midtjylland','Viborg'),
('8840','791','Rødkærsbro','Midtjylland','Viborg'),
('8883','740','Gjern','Midtjylland','Silkeborg'),
('8305','741','Samsø','Midtjylland','Samsø'),
('8362','751','Hørning','Midtjylland','Århus'),
('8464','751','Galten','Midtjylland','Århus'),
('8670','746','Låsby','Midtjylland','Skanderborg'),
('8000','751','Århus C','Midtjylland','Århus'),
('8200','751','Århus N','Midtjylland','Århus'),
('8210','751','Århus V','Midtjylland','Århus'),
('8220','751','Brabrand','Midtjylland','Århus'),
('8230','751','Åbyhøj','Midtjylland','Århus'),
('8240','751','Risskov','Midtjylland','Århus'),
('8245','751','Risskov Ø','Midtjylland','Århus'),
('8250','751','Egå','Midtjylland','Århus'),
('8260','751','Viby J','Midtjylland','Århus'),
('8270','751','Højbjerg','Midtjylland','Århus'),
('8310','751','Tranbjerg J','Midtjylland','Århus'),
('8320','751','Mårslet','Midtjylland','Århus'),
('8330','751','Beder','Midtjylland','Århus'),
('8355','751','Solbjerg','Midtjylland','Århus'),
('8361','751','Hasselager','Midtjylland','Århus'),
('8381','751','Tilst','Midtjylland','Århus'),
('8462','751','Harlev J','Midtjylland','Århus'),
('8520','751','Lystrup','Midtjylland','Århus'),
('8530','751','Hjortshøj','Midtjylland','Århus'),
('8541','751','Skødstrup','Midtjylland','Århus'),
('7160','630','Tørring','Syddanmark','Vejle'),
('7361','630','Ejstrupholm','Syddanmark','Vejle'),
('7430','756','Ikast','Midtjylland','Ikast-Brande'),
('8766','766','Nørre Snede','Midtjylland','Hedensted'),
('6830','573','Nørre Nebel','Syddanmark','Varde'),
('6870','573','Ølgod','Syddanmark','Varde'),
('6880','573','Tarm','Syddanmark','Varde'),
('6893','760','Hemmet','Midtjylland','Ringkøbing-Skjern'),
('6900','760','Skjern','Midtjylland','Ringkøbing-Skjern'),
('6920','760','Videbæk','Midtjylland','Ringkøbing-Skjern'),
('6940','760','Lem St','Midtjylland','Ringkøbing-Skjern'),
('6950','760','Ringkøbing','Midtjylland','Ringkøbing-Skjern'),
('6960','760','Hvide Sande','Midtjylland','Ringkøbing-Skjern'),
('6971','760','Spjald','Midtjylland','Ringkøbing-Skjern'),
('6980','760','Tim','Midtjylland','Ringkøbing-Skjern'),
('7100','630','Vejle','Syddanmark','Vejle'),
('7120','630','Vejle Øst','Syddanmark','Vejle'),
('7130','766','Juelsminde','Midtjylland','Hedensted'),
('7140','766','Stouby','Midtjylland','Hedensted'),
('7150','766','Barrit','Midtjylland','Hedensted'),
('7171','766','Uldum','Midtjylland','Hedensted'),
('7173','630','Vonge','Syddanmark','Vejle'),
('7323','630','Give','Syddanmark','Vejle'),
('8721','766','Daugård','Midtjylland','Hedensted'),
('8722','766','Hedensted','Midtjylland','Hedensted'),
('8723','766','Løsning','Midtjylland','Hedensted'),
('8763','766','Rask Mølle','Midtjylland','Hedensted'),
('7840','791','Højslev','Midtjylland','Viborg'),
('7860','779','Spøttrup','Midtjylland','Skive'),
('7870','779','Roslev','Midtjylland','Skive'),
('7884','779','Fur','Midtjylland','Skive'),
('7850','791','Stoholm Jyll','Midtjylland','Viborg'),
('8830','791','Tjele','Midtjylland','Viborg'),
('8831','791','Løgstrup','Midtjylland','Viborg'),
('8832','791','Skals','Midtjylland','Viborg'),
('5463','410','Harndrup','Syddanmark','Middelfart'),
('5464','410','Brenderup Fyn','Syddanmark','Middelfart'),
('5466','410','Asperup','Syddanmark','Middelfart'),
('5500','410','Middelfart','Syddanmark','Middelfart'),
('5560','480','Aarup','Syddanmark','Nordfyns'),
('5580','410','Nørre Aaby','Syddanmark','Middelfart'),
('5591','410','Gelsted','Syddanmark','Middelfart'),
('5592','410','Ejby','Syddanmark','Middelfart'),
('5610','420','Assens','Syddanmark','Assens'),
('5492','480','Vissenbjerg','Syddanmark','Nordfyns'),
('5620','420','Glamsbjerg','Syddanmark','Assens'),
('5631','420','Ebberup','Syddanmark','Assens'),
('5642','430','Millinge','Syddanmark','Faaborg-Midtfyn'),
('5683','420','Haarby','Syddanmark','Assens'),
('5690','420','Tommerup','Syddanmark','Assens'),
('5550','450','Langeskov','Syddanmark','Nyborg'),
('5600','430','Faaborg','Syddanmark','Faaborg-Midtfyn'),
('5672','430','Broby','Syddanmark','Faaborg-Midtfyn'),
('5750','430','Ringe','Syddanmark','Faaborg-Midtfyn'),
('5762','479','Vester Skerninge','Syddanmark','Svendborg'),
('5771','479','Stenstrup','Syddanmark','Svendborg'),
('5772','479','Kværndrup','Syddanmark','Svendborg'),
('5792','430','Årslev','Syddanmark','Faaborg-Midtfyn'),
('5853','450','Ørbæk','Syddanmark','Nyborg'),
('5854','479','Gislev','Syddanmark','Svendborg'),
('5856','430','Ryslinge','Syddanmark','Faaborg-Midtfyn'),
('5863','440','Ferritslev Fyn','Syddanmark','Kerteminde'),
('5290','440','Marslev','Syddanmark','Kerteminde'),
('5300','440','Kerteminde','Syddanmark','Kerteminde'),
('5330','461','Munkebo','Syddanmark','Odense'),
('5350','440','Rynkeby','Syddanmark','Kerteminde'),
('5370','440','Mesinge','Syddanmark','Kerteminde'),
('5380','440','Dalby','Syddanmark','Kerteminde'),
('5390','440','Martofte','Syddanmark','Kerteminde'),
('5540','450','Ullerslev','Syddanmark','Nyborg'),
('5800','450','Nyborg','Syddanmark','Nyborg'),
('5871','450','Frørup','Syddanmark','Nyborg'),
('5874','479','Hesselager','Syddanmark','Svendborg'),
('5000','461','Odense C','Syddanmark','Odense'),
('5200','461','Odense V','Syddanmark','Odense'),
('5210','461','Odense NV','Syddanmark','Odense'),
('5220','461','Odense SØ','Syddanmark','Odense'),
('5230','461','Odense M','Syddanmark','Odense'),
('5240','461','Odense NØ','Syddanmark','Odense'),
('5250','461','Odense SV','Syddanmark','Odense'),
('5260','461','Odense S','Syddanmark','Odense'),
('5270','480','Odense N','Syddanmark','Nordfyns'),
('5320','461','Agedrup','Syddanmark','Odense'),
('5491','480','Blommenslyst','Syddanmark','Nordfyns'),
('5700','479','Svendborg','Syddanmark','Svendborg'),
('5881','479','Skårup Fyn','Syddanmark','Svendborg'),
('5882','479','Vejstrup','Syddanmark','Svendborg'),
('5883','479','Oure','Syddanmark','Svendborg'),
('5884','479','Gudme','Syddanmark','Svendborg'),
('5892','479','Gudbjerg Sydfyn','Syddanmark','Svendborg'),
('5400','480','Bogense','Syddanmark','Nordfyns'),
('5450','480','Otterup','Syddanmark','Nordfyns'),
('5462','480','Morud','Syddanmark','Nordfyns'),
('5471','480','Søndersø','Syddanmark','Nordfyns'),
('5474','480','Veflinge','Syddanmark','Nordfyns'),
('5485','480','Skamby','Syddanmark','Nordfyns'),
('5900','482','Rudkøbing','Syddanmark','Langeland'),
('5932','482','Humble','Syddanmark','Langeland'),
('5935','482','Bagenkop','Syddanmark','Langeland'),
('5953','482','Tranekær','Syddanmark','Langeland'),
('5960','492','Marstal','Syddanmark','Ærø'),
('5970','492','Ærøskøbing','Syddanmark','Ærø'),
('5985','492','Søby Ærø','Syddanmark','Ærø'),
('6070','621','Christiansfeld','Syddanmark','Kolding'),
('6094','621','Hejls','Syddanmark','Kolding'),
('6100','621','Haderslev','Syddanmark','Kolding'),
('6500','510','Vojens','Syddanmark','Haderslev'),
('6510','510','Gram','Syddanmark','Haderslev'),
('6520','550','Toftlund','Syddanmark','Tønder'),
('6534','580','Agerskov','Syddanmark','Aabenraa'),
('6541','550','Bevtoft','Syddanmark','Tønder'),
('6560','621','Sommersted','Syddanmark','Kolding'),
('6630','575','Rødding','Syddanmark','Vejen'),
('6623','630','Vorbasse','Syddanmark','Vejle'),
('6682','575','Hovborg','Syddanmark','Vejen'),
('6823','573','Ansager','Syddanmark','Varde'),
('7190','630','Billund','Syddanmark','Vejle'),
('7200','630','Grindsted','Syddanmark','Vejle'),
('7250','530','Hejnsvig','Syddanmark','Billund'),
('6300','540','Gråsten','Syddanmark','Sønderborg'),
('6310','540','Broager','Syddanmark','Sønderborg'),
('6320','540','Egernsund','Syddanmark','Sønderborg'),
('6400','540','Sønderborg','Syddanmark','Sønderborg'),
('6430','621','Nordborg','Syddanmark','Kolding'),
('6440','540','Augustenborg','Syddanmark','Sønderborg'),
('6470','540','Sydals','Syddanmark','Sønderborg'),
('6240','550','Løgumkloster','Syddanmark','Tønder'),
('6261','550','Bredebro','Syddanmark','Tønder'),
('6270','550','Tønder','Syddanmark','Tønder'),
('6280','550','Højer','Syddanmark','Tønder'),
('6535','550','Branderup J','Syddanmark','Tønder'),
('6780','550','Skærbæk','Syddanmark','Tønder'),
('6792','550','Rømø','Syddanmark','Tønder'),
('6670','575','Holsted','Syddanmark','Vejen'),
('6683','575','Føvling','Syddanmark','Vejen'),
('6690','575','Gørding','Syddanmark','Vejen'),
('6700','561','Esbjerg','Syddanmark','Esbjerg'),
('6705','561','Esbjerg Ø','Syddanmark','Esbjerg'),
('6710','561','Esbjerg V','Syddanmark','Esbjerg'),
('6715','561','Esbjerg N','Syddanmark','Esbjerg'),
('6731','561','Tjæreborg','Syddanmark','Esbjerg'),
('6740','561','Bramming','Syddanmark','Esbjerg'),
('6760','561','Ribe','Syddanmark','Esbjerg'),
('6771','561','Gredstedbro','Syddanmark','Esbjerg'),
('6818','573','Årre','Syddanmark','Varde'),
('6720','563','Fanø','Syddanmark','Fanø'),
('6753','575','Agerbæk','Syddanmark','Vejen'),
('6800','573','Varde','Syddanmark','Varde'),
('6840','573','Oksbøl','Syddanmark','Varde'),
('6851','573','Janderup Vestj','Syddanmark','Varde'),
('6852','573','Billum','Syddanmark','Varde'),
('6853','573','Vejers Strand','Syddanmark','Varde'),
('6854','573','Henne','Syddanmark','Varde'),
('6855','573','Outrup','Syddanmark','Varde'),
('6857','573','Blåvand','Syddanmark','Varde'),
('6862','573','Tistrup','Syddanmark','Varde'),
('6600','575','Vejen','Syddanmark','Vejen'),
('6621','575','Gesten','Syddanmark','Vejen'),
('6622','575','Bække','Syddanmark','Vejen'),
('6650','575','Brørup','Syddanmark','Vejen'),
('6660','575','Lintrup','Syddanmark','Vejen'),
('6752','575','Glejbjerg','Syddanmark','Vejen'),
('6200','580','Aabenraa','Syddanmark','Aabenraa'),
('6230','580','Rødekro','Syddanmark','Aabenraa'),
('6330','580','Padborg','Syddanmark','Aabenraa'),
('6340','580','Kruså','Syddanmark','Aabenraa'),
('6360','580','Tinglev','Syddanmark','Aabenraa'),
('6372','580','Bylderup-Bov','Syddanmark','Aabenraa'),
('6392','580','Bolderslev','Syddanmark','Aabenraa'),
('7000','630','Fredericia','Syddanmark','Vejle'),
('7007','607','Fredericia','Syddanmark','Fredericia'),
('6000','621','Kolding','Syddanmark','Kolding'),
('6040','630','Egtved','Syddanmark','Vejle'),
('6051','621','Almind','Syddanmark','Kolding'),
('6052','630','Viuf','Syddanmark','Vejle'),
('6064','621','Jordrup','Syddanmark','Kolding'),
('6091','621','Bjert','Syddanmark','Kolding'),
('6092','621','Sønder Stenderup','Syddanmark','Kolding'),
('6093','621','Sjølund','Syddanmark','Kolding'),
('6580','621','Vamdrup','Syddanmark','Kolding'),
('6640','621','Lunderskov','Syddanmark','Kolding'),
('7080','630','Børkop','Syddanmark','Vejle'),
('7182','630','Bredsten','Syddanmark','Vejle'),
('7183','630','Randbøl','Syddanmark','Vejle'),
('7184','630','Vandel','Syddanmark','Vejle'),
('7300','630','Jelling','Syddanmark','Vejle'),
('7321','630','Gadbjerg','Syddanmark','Vejle'),
('900','101','København C','Hovedstaden','Københavns'),
('999','101','København C','Hovedstaden','Københavns'),
('1000','101','København K','Hovedstaden','Københavns'),
('1050','101','København K','Hovedstaden','Københavns'),
('1051','101','København K','Hovedstaden','Københavns'),
('1052','101','København K','Hovedstaden','Københavns'),
('1053','101','København K','Hovedstaden','Københavns'),
('1054','101','København K','Hovedstaden','Københavns'),
('1055','101','København K','Hovedstaden','Københavns'),
('1056','101','København K','Hovedstaden','Københavns'),
('1057','101','København K','Hovedstaden','Københavns'),
('1058','101','København K','Hovedstaden','Københavns'),
('1059','101','København K','Hovedstaden','Københavns'),
('1060','101','København K','Hovedstaden','Københavns'),
('1061','101','København K','Hovedstaden','Københavns'),
('1062','101','København K','Hovedstaden','Københavns'),
('1063','101','København K','Hovedstaden','Københavns'),
('1064','101','København K','Hovedstaden','Københavns'),
('1065','101','København K','Hovedstaden','Københavns'),
('1066','101','København K','Hovedstaden','Københavns'),
('1067','101','København K','Hovedstaden','Københavns'),
('1068','101','København K','Hovedstaden','Københavns'),
('1069','101','København K','Hovedstaden','Københavns'),
('1070','101','København K','Hovedstaden','Københavns'),
('1071','101','København K','Hovedstaden','Københavns'),
('1072','101','København K','Hovedstaden','Københavns'),
('1073','101','København K','Hovedstaden','Københavns'),
('1074','101','København K','Hovedstaden','Københavns'),
('1092','101','København K','Hovedstaden','Københavns'),
('1093','101','København K','Hovedstaden','Københavns'),
('1095','101','København K','Hovedstaden','Københavns'),
('1098','101','København K','Hovedstaden','Københavns'),
('1100','101','København K','Hovedstaden','Københavns'),
('1101','101','København K','Hovedstaden','Københavns'),
('1102','101','København K','Hovedstaden','Københavns'),
('1103','101','København K','Hovedstaden','Københavns'),
('1104','101','København K','Hovedstaden','Københavns'),
('1105','101','København K','Hovedstaden','Københavns'),
('1106','101','København K','Hovedstaden','Københavns'),
('1107','101','København K','Hovedstaden','Københavns'),
('1110','101','København K','Hovedstaden','Københavns'),
('1111','101','København K','Hovedstaden','Københavns'),
('1112','101','København K','Hovedstaden','Københavns'),
('1113','101','København K','Hovedstaden','Københavns'),
('1114','101','København K','Hovedstaden','Københavns'),
('1115','101','København K','Hovedstaden','Københavns'),
('1116','101','København K','Hovedstaden','Københavns'),
('1117','101','København K','Hovedstaden','Københavns'),
('1118','101','København K','Hovedstaden','Københavns'),
('1119','101','København K','Hovedstaden','Københavns'),
('1120','101','København K','Hovedstaden','Københavns'),
('1122','101','København K','Hovedstaden','Københavns'),
('1123','101','København K','Hovedstaden','Københavns'),
('1124','101','København K','Hovedstaden','Københavns'),
('1125','101','København K','Hovedstaden','Københavns'),
('1126','101','København K','Hovedstaden','Københavns'),
('1127','101','København K','Hovedstaden','Københavns'),
('1128','101','København K','Hovedstaden','Københavns'),
('1129','101','København K','Hovedstaden','Københavns'),
('1130','101','København K','Hovedstaden','Københavns'),
('1131','101','København K','Hovedstaden','Københavns'),
('1140','101','København K','Hovedstaden','Københavns'),
('1147','101','København K','Hovedstaden','Københavns'),
('1148','101','København K','Hovedstaden','Københavns'),
('1150','101','København K','Hovedstaden','Københavns'),
('1151','101','København K','Hovedstaden','Københavns'),
('1152','101','København K','Hovedstaden','Københavns'),
('1153','101','København K','Hovedstaden','Københavns'),
('1154','101','København K','Hovedstaden','Københavns'),
('1155','101','København K','Hovedstaden','Københavns'),
('1156','101','København K','Hovedstaden','Københavns'),
('1157','101','København K','Hovedstaden','Københavns'),
('1158','101','København K','Hovedstaden','Københavns'),
('1159','101','København K','Hovedstaden','Københavns'),
('1160','101','København K','Hovedstaden','Københavns'),
('1161','101','København K','Hovedstaden','Københavns'),
('1162','101','København K','Hovedstaden','Københavns'),
('1164','101','København K','Hovedstaden','Københavns'),
('1165','101','København K','Hovedstaden','Københavns'),
('1166','101','København K','Hovedstaden','Københavns'),
('1167','101','København K','Hovedstaden','Københavns'),
('1168','101','København K','Hovedstaden','Københavns'),
('1169','101','København K','Hovedstaden','Københavns'),
('1170','101','København K','Hovedstaden','Københavns'),
('1171','101','København K','Hovedstaden','Københavns'),
('1172','101','København K','Hovedstaden','Københavns'),
('1173','101','København K','Hovedstaden','Københavns'),
('1174','101','København K','Hovedstaden','Københavns'),
('1175','101','København K','Hovedstaden','Københavns'),
('1200','101','København K','Hovedstaden','Københavns'),
('1201','101','København K','Hovedstaden','Københavns'),
('1202','101','København K','Hovedstaden','Københavns'),
('1203','101','København K','Hovedstaden','Københavns'),
('1204','101','København K','Hovedstaden','Københavns'),
('1205','101','København K','Hovedstaden','Københavns'),
('1206','101','København K','Hovedstaden','Københavns'),
('1207','101','København K','Hovedstaden','Københavns'),
('1208','101','København K','Hovedstaden','Københavns'),
('1209','101','København K','Hovedstaden','Københavns'),
('1210','101','København K','Hovedstaden','Københavns'),
('1211','101','København K','Hovedstaden','Københavns'),
('1213','101','København K','Hovedstaden','Københavns'),
('1214','101','København K','Hovedstaden','Københavns'),
('1215','101','København K','Hovedstaden','Københavns'),
('1216','101','København K','Hovedstaden','Københavns'),
('1217','101','København K','Hovedstaden','Københavns'),
('1218','101','København K','Hovedstaden','Københavns'),
('1219','101','København K','Hovedstaden','Københavns'),
('1220','101','København K','Hovedstaden','Københavns'),
('1221','101','København K','Hovedstaden','Københavns'),
('1240','101','København K','Hovedstaden','Københavns'),
('1250','101','København K','Hovedstaden','Københavns'),
('1251','101','København K','Hovedstaden','Københavns'),
('1253','101','København K','Hovedstaden','Københavns'),
('1254','101','København K','Hovedstaden','Københavns'),
('1255','101','København K','Hovedstaden','Københavns'),
('1256','101','København K','Hovedstaden','Københavns'),
('1257','101','København K','Hovedstaden','Københavns'),
('1259','101','København K','Hovedstaden','Københavns'),
('1260','101','København K','Hovedstaden','Københavns'),
('1261','101','København K','Hovedstaden','Københavns'),
('1263','101','København K','Hovedstaden','Københavns'),
('1264','101','København K','Hovedstaden','Københavns'),
('1265','101','København K','Hovedstaden','Københavns'),
('1266','101','København K','Hovedstaden','Københavns'),
('1267','101','København K','Hovedstaden','Københavns'),
('1268','101','København K','Hovedstaden','Københavns'),
('1270','101','København K','Hovedstaden','Københavns'),
('1271','101','København K','Hovedstaden','Københavns'),
('1291','101','København K','Hovedstaden','Københavns'),
('1300','101','København K','Hovedstaden','Københavns'),
('1301','101','København K','Hovedstaden','Københavns'),
('1302','101','København K','Hovedstaden','Københavns'),
('1303','101','København K','Hovedstaden','Københavns'),
('1304','101','København K','Hovedstaden','Københavns'),
('1306','101','København K','Hovedstaden','Københavns'),
('1307','101','København K','Hovedstaden','Københavns'),
('1308','101','København K','Hovedstaden','Københavns'),
('1309','101','København K','Hovedstaden','Københavns'),
('1310','101','København K','Hovedstaden','Københavns'),
('1311','101','København K','Hovedstaden','Københavns'),
('1312','101','København K','Hovedstaden','Københavns'),
('1313','101','København K','Hovedstaden','Københavns'),
('1314','101','København K','Hovedstaden','Københavns'),
('1315','101','København K','Hovedstaden','Københavns'),
('1316','101','København K','Hovedstaden','Københavns'),
('1317','101','København K','Hovedstaden','Københavns'),
('1318','101','København K','Hovedstaden','Københavns'),
('1319','101','København K','Hovedstaden','Københavns'),
('1320','101','København K','Hovedstaden','Københavns'),
('1321','101','København K','Hovedstaden','Københavns'),
('1322','101','København K','Hovedstaden','Københavns'),
('1323','101','København K','Hovedstaden','Københavns'),
('1324','101','København K','Hovedstaden','Københavns'),
('1325','101','København K','Hovedstaden','Københavns'),
('1326','101','København K','Hovedstaden','Københavns'),
('1327','101','København K','Hovedstaden','Københavns'),
('1328','101','København K','Hovedstaden','Københavns'),
('1329','101','København K','Hovedstaden','Københavns'),
('1349','101','København K','Hovedstaden','Københavns'),
('1350','101','København K','Hovedstaden','Københavns'),
('1352','101','København K','Hovedstaden','Københavns'),
('1353','101','København K','Hovedstaden','Københavns'),
('1354','101','København K','Hovedstaden','Københavns'),
('1355','101','København K','Hovedstaden','Københavns'),
('1356','101','København K','Hovedstaden','Københavns'),
('1357','101','København K','Hovedstaden','Københavns'),
('1358','101','København K','Hovedstaden','Københavns'),
('1359','101','København K','Hovedstaden','Københavns'),
('1360','101','København K','Hovedstaden','Københavns'),
('1361','101','København K','Hovedstaden','Københavns'),
('1362','101','København K','Hovedstaden','Københavns'),
('1363','101','København K','Hovedstaden','Københavns'),
('1364','101','København K','Hovedstaden','Københavns'),
('1365','101','København K','Hovedstaden','Københavns'),
('1366','101','København K','Hovedstaden','Københavns'),
('1367','101','København K','Hovedstaden','Københavns'),
('1368','101','København K','Hovedstaden','Københavns'),
('1369','101','København K','Hovedstaden','Københavns'),
('1370','101','København K','Hovedstaden','Københavns'),
('1371','101','København K','Hovedstaden','Københavns'),
('1400','101','København K','Hovedstaden','Københavns'),
('1401','101','København K','Hovedstaden','Københavns'),
('1402','101','København K','Hovedstaden','Københavns'),
('1403','101','København K','Hovedstaden','Københavns'),
('1406','101','København K','Hovedstaden','Københavns'),
('1407','101','København K','Hovedstaden','Københavns'),
('1408','101','København K','Hovedstaden','Københavns'),
('1409','101','København K','Hovedstaden','Københavns'),
('1410','101','København K','Hovedstaden','Københavns'),
('1411','101','København K','Hovedstaden','Københavns'),
('1412','101','København K','Hovedstaden','Københavns'),
('1413','101','København K','Hovedstaden','Københavns'),
('1414','101','København K','Hovedstaden','Københavns'),
('1415','101','København K','Hovedstaden','Københavns'),
('1416','101','København K','Hovedstaden','Københavns'),
('1417','101','København K','Hovedstaden','Københavns'),
('1418','101','København K','Hovedstaden','Københavns'),
('1419','101','København K','Hovedstaden','Københavns'),
('1420','101','København K','Hovedstaden','Københavns'),
('1421','101','København K','Hovedstaden','Københavns'),
('1422','101','København K','Hovedstaden','Københavns'),
('1423','101','København K','Hovedstaden','Københavns'),
('1424','101','København K','Hovedstaden','Københavns'),
('1425','101','København K','Hovedstaden','Københavns'),
('1426','101','København K','Hovedstaden','Københavns'),
('1427','101','København K','Hovedstaden','Københavns'),
('1428','101','København K','Hovedstaden','Københavns'),
('1429','101','København K','Hovedstaden','Københavns'),
('1430','101','København K','Hovedstaden','Københavns'),
('1431','101','København K','Hovedstaden','Københavns'),
('1432','101','København K','Hovedstaden','Københavns'),
('1433','101','København K','Hovedstaden','Københavns'),
('1434','101','København K','Hovedstaden','Københavns'),
('1435','101','København K','Hovedstaden','Københavns'),
('1436','101','København K','Hovedstaden','Københavns'),
('1437','101','København K','Hovedstaden','Københavns'),
('1438','101','København K','Hovedstaden','Københavns'),
('1439','101','København K','Hovedstaden','Københavns'),
('1440','101','København K','Hovedstaden','Københavns'),
('1441','101','København K','Hovedstaden','Københavns'),
('1448','101','København K','Hovedstaden','Københavns'),
('1450','101','København K','Hovedstaden','Københavns'),
('1451','101','København K','Hovedstaden','Københavns'),
('1452','101','København K','Hovedstaden','Københavns'),
('1453','101','København K','Hovedstaden','Københavns'),
('1454','101','København K','Hovedstaden','Københavns'),
('1455','101','København K','Hovedstaden','Københavns'),
('1456','101','København K','Hovedstaden','Københavns'),
('1457','101','København K','Hovedstaden','Københavns'),
('1458','101','København K','Hovedstaden','Københavns'),
('1459','101','København K','Hovedstaden','Københavns'),
('1460','101','København K','Hovedstaden','Københavns'),
('1462','101','København K','Hovedstaden','Københavns'),
('1463','101','København K','Hovedstaden','Københavns'),
('1464','101','København K','Hovedstaden','Københavns'),
('1466','101','København K','Hovedstaden','Københavns'),
('1467','101','København K','Hovedstaden','Københavns'),
('1468','101','København K','Hovedstaden','Københavns'),
('1470','101','København K','Hovedstaden','Københavns'),
('1471','101','København K','Hovedstaden','Københavns'),
('1472','101','København K','Hovedstaden','Københavns'),
('1500','101','København V','Hovedstaden','Københavns'),
('1550','101','København V','Hovedstaden','Københavns'),
('1551','101','København V','Hovedstaden','Københavns'),
('1552','101','København V','Hovedstaden','Københavns'),
('1553','101','København V','Hovedstaden','Københavns'),
('1554','101','København V','Hovedstaden','Københavns'),
('1555','101','København V','Hovedstaden','Københavns'),
('1556','101','København V','Hovedstaden','Københavns'),
('1557','101','København V','Hovedstaden','Københavns'),
('1558','101','København V','Hovedstaden','Københavns'),
('1559','101','København V','Hovedstaden','Københavns'),
('1560','101','København V','Hovedstaden','Københavns'),
('1561','101','København V','Hovedstaden','Københavns'),
('1562','101','København V','Hovedstaden','Københavns'),
('1563','101','København V','Hovedstaden','Københavns'),
('1564','101','København V','Hovedstaden','Københavns'),
('1566','101','København V','Hovedstaden','Københavns'),
('1567','101','København V','Hovedstaden','Københavns'),
('1568','101','København V','Hovedstaden','Københavns'),
('1569','101','København V','Hovedstaden','Københavns'),
('1570','101','København V','Hovedstaden','Københavns'),
('1571','101','København V','Hovedstaden','Københavns'),
('1572','101','København V','Hovedstaden','Københavns'),
('1573','101','København V','Hovedstaden','Københavns'),
('1574','101','København V','Hovedstaden','Københavns'),
('1575','101','København V','Hovedstaden','Københavns'),
('1576','101','København V','Hovedstaden','Københavns'),
('1577','101','København V','Hovedstaden','Københavns'),
('1592','101','København V','Hovedstaden','Københavns'),
('1599','101','København V','Hovedstaden','Københavns'),
('1600','101','København V','Hovedstaden','Københavns'),
('1601','101','København V','Hovedstaden','Københavns'),
('1602','101','København V','Hovedstaden','Københavns'),
('1603','101','København V','Hovedstaden','Københavns'),
('1604','101','København V','Hovedstaden','Københavns'),
('1606','101','København V','Hovedstaden','Københavns'),
('1607','101','København V','Hovedstaden','Københavns'),
('1608','101','København V','Hovedstaden','Københavns'),
('1609','101','København V','Hovedstaden','Københavns'),
('1610','101','København V','Hovedstaden','Københavns'),
('1611','101','København V','Hovedstaden','Københavns'),
('1612','101','København V','Hovedstaden','Københavns'),
('1613','101','København V','Hovedstaden','Københavns'),
('1614','101','København V','Hovedstaden','Københavns'),
('1615','101','København V','Hovedstaden','Københavns'),
('1616','101','København V','Hovedstaden','Københavns'),
('1617','101','København V','Hovedstaden','Københavns'),
('1618','101','København V','Hovedstaden','Københavns'),
('1619','101','København V','Hovedstaden','Københavns'),
('1620','101','København V','Hovedstaden','Københavns'),
('1621','101','København V','Hovedstaden','Københavns'),
('1622','101','København V','Hovedstaden','Københavns'),
('1623','101','København V','Hovedstaden','Københavns'),
('1624','101','København V','Hovedstaden','Københavns'),
('1630','101','København V','Hovedstaden','Københavns'),
('1631','101','København V','Hovedstaden','Københavns'),
('1632','101','København V','Hovedstaden','Københavns'),
('1633','101','København V','Hovedstaden','Københavns'),
('1634','101','København V','Hovedstaden','Københavns'),
('1635','101','København V','Hovedstaden','Københavns'),
('1640','101','København V','Hovedstaden','Københavns'),
('1650','101','København V','Hovedstaden','Københavns'),
('1651','101','København V','Hovedstaden','Københavns'),
('1652','101','København V','Hovedstaden','Københavns'),
('1653','101','København V','Hovedstaden','Københavns'),
('1654','101','København V','Hovedstaden','Københavns'),
('1655','101','København V','Hovedstaden','Københavns'),
('1656','101','København V','Hovedstaden','Københavns'),
('1657','101','København V','Hovedstaden','Københavns'),
('1658','101','København V','Hovedstaden','Københavns'),
('1659','101','København V','Hovedstaden','Københavns'),
('1660','101','København V','Hovedstaden','Københavns'),
('1661','101','København V','Hovedstaden','Københavns'),
('1662','101','København V','Hovedstaden','Københavns'),
('1663','101','København V','Hovedstaden','Københavns'),
('1664','101','København V','Hovedstaden','Københavns'),
('1665','101','København V','Hovedstaden','Københavns'),
('1666','101','København V','Hovedstaden','Københavns'),
('1667','101','København V','Hovedstaden','Københavns'),
('1668','101','København V','Hovedstaden','Københavns'),
('1669','101','København V','Hovedstaden','Københavns'),
('1670','101','København V','Hovedstaden','Københavns'),
('1671','101','København V','Hovedstaden','Københavns'),
('1672','101','København V','Hovedstaden','Københavns'),
('1673','101','København V','Hovedstaden','Københavns'),
('1674','101','København V','Hovedstaden','Københavns'),
('1675','101','København V','Hovedstaden','Københavns'),
('1676','101','København V','Hovedstaden','Københavns'),
('1677','101','København V','Hovedstaden','Københavns'),
('1699','101','København V','Hovedstaden','Københavns'),
('1700','101','København V','Hovedstaden','Københavns'),
('1701','101','København V','Hovedstaden','Københavns'),
('1702','101','København V','Hovedstaden','Københavns'),
('1703','101','København V','Hovedstaden','Københavns'),
('1704','101','København V','Hovedstaden','Københavns'),
('1705','101','København V','Hovedstaden','Københavns'),
('1706','101','København V','Hovedstaden','Københavns'),
('1707','101','København V','Hovedstaden','Københavns'),
('1708','101','København V','Hovedstaden','Københavns'),
('1709','101','København V','Hovedstaden','Københavns'),
('1710','101','København V','Hovedstaden','Københavns'),
('1711','101','København V','Hovedstaden','Københavns'),
('1712','101','København V','Hovedstaden','Københavns'),
('1714','101','København V','Hovedstaden','Københavns'),
('1715','101','København V','Hovedstaden','Københavns'),
('1716','101','København V','Hovedstaden','Københavns'),
('1717','101','København V','Hovedstaden','Københavns'),
('1718','101','København V','Hovedstaden','Københavns'),
('1719','101','København V','Hovedstaden','Københavns'),
('1720','101','København V','Hovedstaden','Københavns'),
('1721','101','København V','Hovedstaden','Københavns'),
('1722','101','København V','Hovedstaden','Københavns'),
('1723','101','København V','Hovedstaden','Københavns'),
('1724','101','København V','Hovedstaden','Københavns'),
('1725','101','København V','Hovedstaden','Københavns'),
('1726','101','København V','Hovedstaden','Københavns'),
('1727','101','København V','Hovedstaden','Københavns'),
('1728','101','København V','Hovedstaden','Københavns'),
('1729','101','København V','Hovedstaden','Københavns'),
('1730','101','København V','Hovedstaden','Københavns'),
('1731','101','København V','Hovedstaden','Københavns'),
('1732','101','København V','Hovedstaden','Københavns'),
('1733','101','København V','Hovedstaden','Københavns'),
('1734','101','København V','Hovedstaden','Københavns'),
('1735','101','København V','Hovedstaden','Københavns'),
('1736','101','København V','Hovedstaden','Københavns'),
('1737','101','København V','Hovedstaden','Københavns'),
('1738','101','København V','Hovedstaden','Københavns'),
('1739','101','København V','Hovedstaden','Københavns'),
('1748','101','København V','Hovedstaden','Københavns'),
('1749','101','København V','Hovedstaden','Københavns'),
('1750','101','København V','Hovedstaden','Københavns'),
('1751','101','København V','Hovedstaden','Københavns'),
('1752','101','København V','Hovedstaden','Københavns'),
('1753','101','København V','Hovedstaden','Københavns'),
('1754','101','København V','Hovedstaden','Københavns'),
('1755','101','København V','Hovedstaden','Københavns'),
('1756','101','København V','Hovedstaden','Københavns'),
('1757','101','København V','Hovedstaden','Københavns'),
('1758','101','København V','Hovedstaden','Københavns'),
('1759','101','København V','Hovedstaden','Københavns'),
('1760','101','København V','Hovedstaden','Københavns'),
('1761','101','København V','Hovedstaden','Københavns'),
('1762','101','København V','Hovedstaden','Københavns'),
('1763','101','København V','Hovedstaden','Københavns'),
('1764','101','København V','Hovedstaden','Københavns'),
('1765','101','København V','Hovedstaden','Københavns'),
('1766','101','København V','Hovedstaden','Københavns'),
('1770','101','København V','Hovedstaden','Københavns'),
('1771','101','København V','Hovedstaden','Københavns'),
('1772','101','København V','Hovedstaden','Københavns'),
('1773','101','København V','Hovedstaden','Københavns'),
('1774','101','København V','Hovedstaden','Københavns'),
('1775','101','København V','Hovedstaden','Københavns'),
('1777','101','København V','Hovedstaden','Københavns'),
('1778','101','København V','Hovedstaden','Københavns'),
('1780','147','København V','Hovedstaden','Frederiksberg'),
('1785','101','København V','Hovedstaden','Københavns'),
('1786','101','København V','Hovedstaden','Københavns'),
('1787','101','København V','Hovedstaden','Københavns'),
('1789','101','København V','Hovedstaden','Københavns'),
('1790','147','København V','Hovedstaden','Frederiksberg'),
('1795','101','København V','Hovedstaden','Københavns'),
('1799','101','København V','Hovedstaden','Københavns'),
('1810','147','Frederiksberg C','Hovedstaden','Frederiksberg'),
('2000','147','Frederiksberg','Hovedstaden','Frederiksberg'),
('2100','101','København Ø','Hovedstaden','Københavns'),
('2200','147','København N','Hovedstaden','Frederiksberg'),
('2300','185','København S','Hovedstaden','Tårnby'),
('2400','101','København NV','Hovedstaden','Københavns'),
('2450','101','København SV','Hovedstaden','Københavns'),
('2500','147','Valby','Hovedstaden','Frederiksberg'),
('2610','175','Rødovre','Hovedstaden','Rødovre'),
('2700','101','Brønshøj','Hovedstaden','Københavns'),
('2720','147','Vanløse','Hovedstaden','Frederiksberg'),
('2770','185','Kastrup','Hovedstaden','Tårnby'),
('2860','159','Søborg','Hovedstaden','Gladsaxe'),
('2900','157','Hellerup','Hovedstaden','Gentofte'),
('1800','147','Frederiksberg C','Hovedstaden','Frederiksberg'),
('1801','147','Frederiksberg C','Hovedstaden','Frederiksberg'),
('1802','147','Frederiksberg C','Hovedstaden','Frederiksberg'),
('1803','147','Frederiksberg C','Hovedstaden','Frederiksberg'),
('1804','147','Frederiksberg C','Hovedstaden','Frederiksberg'),
('1805','147','Frederiksberg C','Hovedstaden','Frederiksberg'),
('1806','147','Frederiksberg C','Hovedstaden','Frederiksberg'),
('1807','147','Frederiksberg C','Hovedstaden','Frederiksberg'),
('1808','147','Frederiksberg C','Hovedstaden','Frederiksberg'),
('1809','147','Frederiksberg C','Hovedstaden','Frederiksberg'),
('1811','147','Frederiksberg C','Hovedstaden','Frederiksberg'),
('1812','147','Frederiksberg C','Hovedstaden','Frederiksberg'),
('1813','147','Frederiksberg C','Hovedstaden','Frederiksberg'),
('1814','147','Frederiksberg C','Hovedstaden','Frederiksberg'),
('1815','147','Frederiksberg C','Hovedstaden','Frederiksberg'),
('1816','147','Frederiksberg C','Hovedstaden','Frederiksberg'),
('1817','147','Frederiksberg C','Hovedstaden','Frederiksberg'),
('1818','147','Frederiksberg C','Hovedstaden','Frederiksberg'),
('1819','147','Frederiksberg C','Hovedstaden','Frederiksberg'),
('1820','147','Frederiksberg C','Hovedstaden','Frederiksberg'),
('1822','147','Frederiksberg C','Hovedstaden','Frederiksberg'),
('1823','147','Frederiksberg C','Hovedstaden','Frederiksberg'),
('1824','147','Frederiksberg C','Hovedstaden','Frederiksberg'),
('1825','147','Frederiksberg C','Hovedstaden','Frederiksberg'),
('1826','147','Frederiksberg C','Hovedstaden','Frederiksberg'),
('1827','147','Frederiksberg C','Hovedstaden','Frederiksberg'),
('1828','147','Frederiksberg C','Hovedstaden','Frederiksberg'),
('1829','147','Frederiksberg C','Hovedstaden','Frederiksberg'),
('1850','147','Frederiksberg C','Hovedstaden','Frederiksberg'),
('1851','147','Frederiksberg C','Hovedstaden','Frederiksberg'),
('1852','147','Frederiksberg C','Hovedstaden','Frederiksberg'),
('1853','147','Frederiksberg C','Hovedstaden','Frederiksberg'),
('1854','147','Frederiksberg C','Hovedstaden','Frederiksberg'),
('1855','147','Frederiksberg C','Hovedstaden','Frederiksberg'),
('1856','147','Frederiksberg C','Hovedstaden','Frederiksberg'),
('1857','147','Frederiksberg C','Hovedstaden','Frederiksberg'),
('1860','147','Frederiksberg C','Hovedstaden','Frederiksberg'),
('1861','147','Frederiksberg C','Hovedstaden','Frederiksberg'),
('1862','147','Frederiksberg C','Hovedstaden','Frederiksberg'),
('1863','147','Frederiksberg C','Hovedstaden','Frederiksberg'),
('1864','147','Frederiksberg C','Hovedstaden','Frederiksberg'),
('1865','147','Frederiksberg C','Hovedstaden','Frederiksberg'),
('1866','147','Frederiksberg C','Hovedstaden','Frederiksberg'),
('1867','147','Frederiksberg C','Hovedstaden','Frederiksberg'),
('1868','147','Frederiksberg C','Hovedstaden','Frederiksberg'),
('1870','147','Frederiksberg C','Hovedstaden','Frederiksberg'),
('1871','147','Frederiksberg C','Hovedstaden','Frederiksberg'),
('1872','147','Frederiksberg C','Hovedstaden','Frederiksberg'),
('1873','147','Frederiksberg C','Hovedstaden','Frederiksberg'),
('1874','147','Frederiksberg C','Hovedstaden','Frederiksberg'),
('1875','147','Frederiksberg C','Hovedstaden','Frederiksberg'),
('1876','147','Frederiksberg C','Hovedstaden','Frederiksberg'),
('1877','147','Frederiksberg C','Hovedstaden','Frederiksberg'),
('1878','147','Frederiksberg C','Hovedstaden','Frederiksberg'),
('1879','147','Frederiksberg C','Hovedstaden','Frederiksberg'),
('1900','147','Frederiksberg C','Hovedstaden','Frederiksberg'),
('1901','147','Frederiksberg C','Hovedstaden','Frederiksberg'),
('1902','147','Frederiksberg C','Hovedstaden','Frederiksberg'),
('1903','147','Frederiksberg C','Hovedstaden','Frederiksberg'),
('1904','147','Frederiksberg C','Hovedstaden','Frederiksberg'),
('1905','147','Frederiksberg C','Hovedstaden','Frederiksberg'),
('1906','147','Frederiksberg C','Hovedstaden','Frederiksberg'),
('1908','147','Frederiksberg C','Hovedstaden','Frederiksberg'),
('1909','147','Frederiksberg C','Hovedstaden','Frederiksberg'),
('1910','147','Frederiksberg C','Hovedstaden','Frederiksberg'),
('1911','147','Frederiksberg C','Hovedstaden','Frederiksberg'),
('1912','147','Frederiksberg C','Hovedstaden','Frederiksberg'),
('1913','147','Frederiksberg C','Hovedstaden','Frederiksberg'),
('1914','147','Frederiksberg C','Hovedstaden','Frederiksberg'),
('1915','147','Frederiksberg C','Hovedstaden','Frederiksberg'),
('1916','147','Frederiksberg C','Hovedstaden','Frederiksberg'),
('1917','147','Frederiksberg C','Hovedstaden','Frederiksberg'),
('1920','147','Frederiksberg C','Hovedstaden','Frederiksberg'),
('1921','147','Frederiksberg C','Hovedstaden','Frederiksberg'),
('1922','147','Frederiksberg C','Hovedstaden','Frederiksberg'),
('1923','147','Frederiksberg C','Hovedstaden','Frederiksberg'),
('1924','147','Frederiksberg C','Hovedstaden','Frederiksberg'),
('1925','147','Frederiksberg C','Hovedstaden','Frederiksberg'),
('1926','147','Frederiksberg C','Hovedstaden','Frederiksberg'),
('1927','147','Frederiksberg C','Hovedstaden','Frederiksberg'),
('1928','147','Frederiksberg C','Hovedstaden','Frederiksberg'),
('1950','147','Frederiksberg C','Hovedstaden','Frederiksberg'),
('1951','147','Frederiksberg C','Hovedstaden','Frederiksberg'),
('1952','147','Frederiksberg C','Hovedstaden','Frederiksberg'),
('1953','147','Frederiksberg C','Hovedstaden','Frederiksberg'),
('1954','147','Frederiksberg C','Hovedstaden','Frederiksberg'),
('1955','147','Frederiksberg C','Hovedstaden','Frederiksberg'),
('1956','147','Frederiksberg C','Hovedstaden','Frederiksberg'),
('1957','147','Frederiksberg C','Hovedstaden','Frederiksberg'),
('1958','147','Frederiksberg C','Hovedstaden','Frederiksberg'),
('1959','147','Frederiksberg C','Hovedstaden','Frederiksberg'),
('1960','147','Frederiksberg C','Hovedstaden','Frederiksberg'),
('1961','147','Frederiksberg C','Hovedstaden','Frederiksberg'),
('1962','147','Frederiksberg C','Hovedstaden','Frederiksberg'),
('1963','147','Frederiksberg C','Hovedstaden','Frederiksberg'),
('1964','147','Frederiksberg C','Hovedstaden','Frederiksberg'),
('1965','147','Frederiksberg C','Hovedstaden','Frederiksberg'),
('1966','147','Frederiksberg C','Hovedstaden','Frederiksberg'),
('1967','147','Frederiksberg C','Hovedstaden','Frederiksberg'),
('1970','147','Frederiksberg C','Hovedstaden','Frederiksberg'),
('1971','147','Frederiksberg C','Hovedstaden','Frederiksberg'),
('1972','147','Frederiksberg C','Hovedstaden','Frederiksberg'),
('1973','147','Frederiksberg C','Hovedstaden','Frederiksberg'),
('1974','147','Frederiksberg C','Hovedstaden','Frederiksberg'),
('2730','175','Herlev','Hovedstaden','Rødovre'),
('2740','163','Skovlunde','Hovedstaden','Herlev'),
('2750','240','Ballerup','Hovedstaden','Egedal'),
('2760','151','Måløv','Hovedstaden','Ballerup'),
('3500','240','Værløse','Hovedstaden','Egedal'),
('2600','165','Glostrup','Hovedstaden','Albertslund'),
('2605','153','Brøndby','Hovedstaden','Brøndby'),
('2620','165','Albertslund','Hovedstaden','Albertslund'),
('2650','167','Hvidovre','Hovedstaden','Hvidovre'),
('2660','167','Brøndby Strand','Hovedstaden','Hvidovre'),
('2791','185','Dragør','Hovedstaden','Tårnby'),
('2800','230','Kongens Lyngby','Hovedstaden','Rudersdal'),
('2820','159','Gentofte','Hovedstaden','Gladsaxe'),
('2870','157','Dyssegård','Hovedstaden','Gentofte'),
('2920','157','Charlottenlund','Hovedstaden','Gentofte'),
('2930','173','Klampenborg','Hovedstaden','Lyngby-Taarbæk'),
('2880','190','Bagsværd','Hovedstaden','Furesø'),
('800','169','Høje Taastrup','Hovedstaden','Høje-Taastrup'),
('2630','169','Taastrup','Hovedstaden','Høje-Taastrup'),
('2633','169','Returpost','Hovedstaden','Høje-Taastrup'),
('2640','265','Hedehusene','Sjælland','Roskilde'),
('4000','350','Roskilde','Sjælland','Lejre'),
('2830','230','Virum','Hovedstaden','Rudersdal'),
('2840','230','Holte','Hovedstaden','Rudersdal'),
('2635','183','Ishøj','Hovedstaden','Ishøj'),
('1532','185','København V','Hovedstaden','Tårnby'),
('1533','185','København V','Hovedstaden','Tårnby'),
('2625','187','Vallensbæk','Hovedstaden','Vallensbæk'),
('2665','187','Vallensbæk Strand','Hovedstaden','Vallensbæk'),
('3460','230','Birkerød','Hovedstaden','Rudersdal'),
('3520','240','Farum','Hovedstaden','Egedal'),
('3540','240','Lynge','Hovedstaden','Egedal'),
('3400','219','Hillerød','Hovedstaden','Hillerød'),
('3450','219','Allerød','Hovedstaden','Hillerød'),
('3550','250','Slangerup','Hovedstaden','Frederikssund'),
('2970','230','Hørsholm','Hovedstaden','Rudersdal'),
('2980','223','Kokkedal','Hovedstaden','Hørsholm'),
('2990','210','Nivå','Hovedstaden','Fredensborg'),
('3050','217','Humlebæk','Hovedstaden','Helsingør'),
('3060','217','Espergærde','Hovedstaden','Helsingør'),
('3480','219','Fredensborg','Hovedstaden','Hillerød'),
('3490','217','Kvistgård','Hovedstaden','Helsingør'),
('3000','217','Helsingør','Hovedstaden','Helsingør'),
('3070','217','Snekkersten','Hovedstaden','Helsingør'),
('3080','217','Tikøb','Hovedstaden','Helsingør'),
('3100','270','Hornbæk','Hovedstaden','Gribskov'),
('3140','217','Ålsgårde','Hovedstaden','Helsingør'),
('3150','217','Hellebæk','Hovedstaden','Helsingør'),
('3230','270','Græsted','Hovedstaden','Gribskov'),
('3200','270','Helsinge','Hovedstaden','Gribskov'),
('3310','260','Ølsted','Hovedstaden','Halsnæs'),
('3320','260','Skævinge','Hovedstaden','Halsnæs'),
('3330','219','Gørløse','Hovedstaden','Hillerød'),
('3600','260','Frederikssund','Hovedstaden','Halsnæs'),
('2950','230','Vedbæk','Hovedstaden','Rudersdal'),
('2960','223','Rungsted Kyst','Hovedstaden','Hørsholm'),
('2850','230','Nærum','Hovedstaden','Rudersdal'),
('2942','230','Skodsborg','Hovedstaden','Rudersdal'),
('2765','240','Smørum','Hovedstaden','Egedal'),
('3650','240','Ølstykke','Hovedstaden','Egedal'),
('3660','240','Stenløse','Hovedstaden','Egedal'),
('3670','265','Veksø Sjælland','Sjælland','Roskilde'),
('3630','250','Jægerspris','Hovedstaden','Frederikssund'),
('4050','250','Skibby','Hovedstaden','Frederikssund'),
('3300','270','Frederiksværk','Hovedstaden','Gribskov'),
('3360','260','Liseleje','Hovedstaden','Halsnæs'),
('3370','260','Melby','Hovedstaden','Halsnæs'),
('3390','260','Hundested','Hovedstaden','Halsnæs'),
('3120','270','Dronningmølle','Hovedstaden','Gribskov'),
('3210','270','Vejby','Hovedstaden','Gribskov'),
('3220','270','Tisvildeleje','Hovedstaden','Gribskov'),
('3250','270','Gilleleje','Hovedstaden','Gribskov'),
('3700','400','Rønne','Hovedstaden','Bornholm'),
('3720','400','Aakirkeby','Hovedstaden','Bornholm'),
('3730','400','Nexø','Hovedstaden','Bornholm'),
('3740','400','Svaneke','Hovedstaden','Bornholm'),
('3751','400','Østermarie','Hovedstaden','Bornholm'),
('3760','411','Gudhjem','Hovedstaden','Christiansø'),
('3770','400','Allinge','Hovedstaden','Bornholm'),
('3782','400','Klemensker','Hovedstaden','Bornholm'),
('3790','400','Hasle','Hovedstaden','Bornholm'),
('2670','253','Greve','Sjælland','Greve'),
('2690','269','Karlslunde','Sjælland','Solrød'),
('4030','265','Tune','Sjælland','Roskilde'),
('4100','370','Ringsted','Sjælland','Næstved'),
('4130','265','Viby Sjælland','Sjælland','Roskilde'),
('4140','329','Borup','Sjælland','Ringsted'),
('4174','329','Jystrup Midtsj','Sjælland','Ringsted'),
('4320','350','Lejre','Sjælland','Lejre'),
('4600','336','Køge','Sjælland','Stevns'),
('4623','269','Lille Skensved','Sjælland','Solrød'),
('4632','259','Bjæverskov','Sjælland','Køge'),
('4681','259','Herfølge','Sjælland','Køge'),
('4682','336','Tureby','Sjælland','Stevns'),
('4040','265','Jyllinge','Sjælland','Roskilde'),
('4621','265','Gadstrup','Sjælland','Roskilde'),
('4622','269','Havdrup','Sjælland','Solrød'),
('2680','269','Solrød Strand','Sjælland','Solrød'),
('4500','306','Nykøbing Sj','Sjælland','Odsherred'),
('4534','326','Hørve','Sjælland','Kalundborg'),
('4540','306','Fårevejle','Sjælland','Odsherred'),
('4550','306','Asnæs','Sjælland','Odsherred'),
('4560','306','Vig','Sjælland','Odsherred'),
('4571','306','Grevinge','Sjælland','Odsherred'),
('4572','306','Nørre Asmindrup','Sjælland','Odsherred'),
('4573','306','Højby','Sjælland','Odsherred'),
('4581','306','Rørvig','Sjælland','Odsherred'),
('4583','306','Sjællands Odde','Sjælland','Odsherred'),
('4591','326','Føllenslev','Sjælland','Kalundborg'),
('4295','340','Stenlille','Sjælland','Sorø'),
('4296','340','Nyrup','Sjælland','Sorø'),
('4300','316','Holbæk','Sjælland','Holbæk'),
('4330','350','Hvalsø','Sjælland','Lejre'),
('4340','350','Tølløse','Sjælland','Lejre'),
('4350','316','Ugerløse','Sjælland','Holbæk'),
('4360','329','Kirke Eskilstrup','Sjælland','Ringsted'),
('4370','340','Store Merløse','Sjælland','Sorø'),
('4390','316','Vipperød','Sjælland','Holbæk'),
('4420','316','Regstrup','Sjælland','Holbæk'),
('4440','316','Mørkøv','Sjælland','Holbæk'),
('4450','326','Jyderup','Sjælland','Kalundborg'),
('4460','326','Snertinge','Sjælland','Kalundborg'),
('4470','326','Svebølle','Sjælland','Kalundborg'),
('4520','316','Svinninge','Sjælland','Holbæk'),
('4532','316','Gislinge','Sjælland','Holbæk'),
('4160','370','Herlufmagle','Sjælland','Næstved'),
('4640','370','Faxe','Sjælland','Næstved'),
('4652','336','Hårlev','Sjælland','Stevns'),
('4653','336','Karise','Sjælland','Stevns'),
('4654','320','Faxe Ladeplads','Sjælland','Faxe'),
('4683','370','Rønnede','Sjælland','Næstved'),
('4684','370','Holmegaard','Sjælland','Næstved'),
('4690','370','Haslev','Sjælland','Næstved'),
('4733','390','Tappernøje','Sjælland','Vordingborg'),
('4200','370','Slagelse','Sjælland','Næstved'),
('4270','330','Høng','Sjælland','Slagelse'),
('4281','326','Gørlev','Sjælland','Kalundborg'),
('4291','340','Ruds Vedby','Sjælland','Sorø'),
('4293','340','Dianalund','Sjælland','Sorø'),
('4400','326','Kalundborg','Sjælland','Kalundborg'),
('4480','326','Store Fuglede','Sjælland','Kalundborg'),
('4490','326','Jerslev Sjælland','Sjælland','Kalundborg'),
('4592','326','Sejerø','Sjælland','Kalundborg'),
('4593','326','Eskebjerg','Sjælland','Kalundborg'),
('4105','329','Ringsted','Sjælland','Ringsted'),
('4173','340','Fjenneslev','Sjælland','Sorø'),
('4180','340','Sorø','Sjælland','Sorø'),
('4190','340','Munke Bjergby','Sjælland','Sorø'),
('4220','330','Korsør','Sjælland','Slagelse'),
('4230','330','Skælskør','Sjælland','Slagelse'),
('4241','330','Vemmelev','Sjælland','Slagelse'),
('4242','330','Boeslunde','Sjælland','Slagelse'),
('4243','370','Rude','Sjælland','Næstved'),
('4250','370','Fuglebjerg','Sjælland','Næstved'),
('4261','370','Dalmose','Sjælland','Næstved'),
('4262','370','Sandved','Sjælland','Næstved'),
('4660','336','Store Heddinge','Sjælland','Stevns'),
('4671','336','Strøby','Sjælland','Stevns'),
('4672','336','Klippinge','Sjælland','Stevns'),
('4673','336','Rødvig Stevns','Sjælland','Stevns'),
('4060','350','Kirke Såby','Sjælland','Lejre'),
('4070','350','Kirke Hyllinge','Sjælland','Lejre'),
('4894','376','Øster Ulslev','Sjælland','Guldborgsund'),
('4895','360','Errindlev','Sjælland','Lolland'),
('4900','360','Nakskov','Sjælland','Lolland'),
('4912','360','Harpelunde','Sjælland','Lolland'),
('4913','360','Horslunde','Sjælland','Lolland'),
('4920','360','Søllested','Sjælland','Lolland'),
('4930','376','Maribo','Sjælland','Guldborgsund'),
('4941','360','Bandholm','Sjælland','Lolland'),
('4943','360','Torrig L','Sjælland','Lolland'),
('4944','360','Fejø','Sjælland','Lolland'),
('4951','360','Nørreballe','Sjælland','Lolland'),
('4952','360','Stokkemarke','Sjælland','Lolland'),
('4953','360','Vesterborg','Sjælland','Lolland'),
('4960','360','Holeby','Sjælland','Lolland'),
('4970','360','Rødby','Sjælland','Lolland'),
('4983','360','Dannemare','Sjælland','Lolland'),
('4171','370','Glumsø','Sjælland','Næstved'),
('4700','370','Næstved','Sjælland','Næstved'),
('4736','370','Karrebæksminde','Sjælland','Næstved'),
('4750','390','Lundby','Sjælland','Vordingborg'),
('4800','376','Nykøbing F','Sjælland','Guldborgsund'),
('4840','376','Nørre Alslev','Sjælland','Guldborgsund'),
('4850','376','Stubbekøbing','Sjælland','Guldborgsund'),
('4862','376','Guldborg','Sjælland','Guldborgsund'),
('4863','376','Eskilstrup','Sjælland','Guldborgsund'),
('4871','376','Horbelev','Sjælland','Guldborgsund'),
('4872','376','Idestrup','Sjælland','Guldborgsund'),
('4873','376','Væggerløse','Sjælland','Guldborgsund'),
('4874','376','Gedser','Sjælland','Guldborgsund'),
('4880','376','Nysted','Sjælland','Guldborgsund'),
('4891','376','Toreby L','Sjælland','Guldborgsund'),
('4892','376','Kettinge','Sjælland','Guldborgsund'),
('4990','376','Sakskøbing','Sjælland','Guldborgsund'),
('4720','390','Præstø','Sjælland','Vordingborg'),
('4735','390','Mern','Sjælland','Vordingborg'),
('4760','390','Vordingborg','Sjælland','Vordingborg'),
('4771','390','Kalvehave','Sjælland','Vordingborg'),
('4772','390','Langebæk','Sjælland','Vordingborg'),
('4773','390','Stensved','Sjælland','Vordingborg'),
('4780','390','Stege','Sjælland','Vordingborg'),
('4791','390','Borre','Sjælland','Vordingborg'),
('4792','390','Askeby','Sjælland','Vordingborg'),
('4793','390','Bogø By','Sjælland','Vordingborg')
;

